fort_id,name,alternate_names,district,taluka,latitude,longitude,base_village,type,elevation_m,current_condition,era,built_by,year_of_construction,key_events,trek_difficulty,trek_time_hours,best_season,water_availability,accommodation,asi_protected,notes,raw_construction,clean_construction,construction_year_bce,construction_year_ce,construction_century_ce,construction_century_bce,construction_text
1,Aad Fort,[NO_ALT_NAME],Ratnagiri,Dapoli,17.7125,73.2391,Aad,Giri Durg (Hill Fort),250,In Ruins,Maratha Empire,Unknown,Unknown,Minor watchtower fort,Easy,1,Winter,Unknown,Unknown,FALSE,A small  lesser-known fort covered in dense vegetation.,Unknown,unknown,,,unknown,unknown,unknown
2,Achala Fort,[NO_ALT_NAME],Nashik,Satana,20.4578,74.0536,Pimpalgaon,Giri Durg (Hill Fort),1372,In Ruins,Maratha Empire,Shivaji Maharaj,17th Century,Part of Satmala hill range forts; Captured by British in 1818,Medium,2,Winter,Seasonal,Unknown,FALSE,"Twin fort to Ahivantgad, offers great views of the region.",17th Century,17th century,,,17th Century,unknown,unknown
3,Achalpur Fort,Ellichpur Fort,Amravati,Achalpur,21.2612,77.5143,Achalpur,Bhuikot (Land Fort),358,In Ruins,Vatsagulma dynasty; Bahmani Sultanate,Ahmad Shah Bahmani,1425,Capital of Berar Sultanate,Easy,0.5,Winter,Unknown,Unknown,TRUE,"Located inside the city, known for its massive gates and walls.",1425,1425,,1425,15th Century,unknown,unknown
4,Adas Fort,[NO_ALT_NAME],Satara,Khatav,17.6534,74.6543,Adas,Giri Durg (Hill Fort),937,In Ruins,Maratha Empire,Unknown,17th Century,Minor watchtower fort,Easy,1,Post-Monsoon,Unknown,Unknown,FALSE,A small fort primarily used as a watch post.,17th Century,17th century,,,17th Century,unknown,unknown
5,Ahiwantgad,[NO_ALT_NAME],Nashik,Satana,20.4533,74.0494,Pimpalgaon,Giri Durg (Hill Fort),1385,Partially Ruined,Maratha Empire,Shivaji Maharaj,17th Century,Treaty of Purandar; Captured by British,Medium,2,Winter,Year-round in cisterns,Caves,FALSE,"Twin fort to Achala fort, features large caves and water cisterns.",17th Century,17th century,,,17th Century,unknown,unknown
6,Ahmednagar Fort,[NO_ALT_NAME],Ahilyanagar,Ahilyanagar,19.0987,74.7297,Ahilyanagar,Bhuikot (Land Fort),750,Well-Preserved,Nizam Shahi,Malik Ahmed Nizam Shah I,1427,"Imprisonment of Jawaharlal Nehru and other freedom fighters during Quit India Movement, 1942",Easy,1,All Seasons,Not applicable,Unknown,TRUE,One of the best-designed land forts in India; currently under Indian military control.,1427,1427,,1427,15th Century,unknown,unknown
7,Ajinkyatara,[NO_ALT_NAME],Satara,Satara,17.6687,73.9877,Satara,Giri Durg (Hill Fort),1009,Partially Ruined,Shilahara Dynasty; Maratha Empire,Bhoj II,1190,Capital of the Satara state; Captured by British in 1818,Easy,1.5,All Seasons,Bottled water sold,Unknown,TRUE,Overlooks Satara city; accessible by road; popular for morning walks.,1190,1190,,1190,12th Century,unknown,unknown
8,Ajmera,[NO_ALT_NAME],Satara,Koregaon,17.7811,74.1925,Ajmerya,Giri Durg (Hill Fort),1100,In Ruins,Maratha Empire,Unknown,Unknown,Small watchtower fort,Easy,1,Winter,Unknown,Unknown,FALSE,"A lesser-known fort, offers good views of the surrounding region.",Unknown,unknown,,,unknown,unknown,unknown
9,Ajoba,Ajobagad,Pune,Junnar,19.3308,73.6744,Dehene,Giri Durg (Hill Fort),1375,Pinnacle,Unknown,Unknown,Ancient,"Pilgrimage site for Valmiki Rishi; has a ""cradle of Sita"" pinnacle",Hard,4,Winter,Seasonal,Valmiki Ashram; Caves,FALSE,Primarily a pilgrimage trek with some fortifications near the top.,Ancient,ancient,,,unknown,unknown,ancient
10,Akluj Fort,[NO_ALT_NAME],Solapur,Akluj,17.8933,75.0211,Akluj,Bhuikot (Land Fort),518,Well-Preserved,Maratha Empire,Acquired by Sarnobat Pilajirao Mohite-Patil,18th Century,Seat of the Mohite-Patil family,Easy,0.5,Winter,Not applicable,Unknown,FALSE,A residential fort (gadi) still partly occupied by descendants.,18th Century,18th century,,,18th Century,unknown,unknown
11,Akola Fort,Asadgad,Akola,Akola,20.7001,77.0175,Akola,Bhuikot (Land Fort),283,Partially Ruined,Mughal Empire,Asad Khan,1697,Important stronghold in Berar region,Easy,0.5,Winter,Unknown,Unknown,FALSE,Located in the old city area of Akola; features multiple gates.,1697,1697,,1697,17th Century,unknown,unknown
12,Alang Fort,[NO_ALT_NAME],Nashik,Igatpuri,19.5855,73.6651,Kulangwadi,Giri Durg (Hill Fort),1479,In Ruins,Maratha Empire,Unknown,17th-18th Century,Part of the intense Alang-Madan-Kulang trek,Hard,5,Winter,Seasonal in cisterns,Caves,FALSE,Part of the toughest trek in the Sahyadris; requires technical climbing gear.,17th-18th Century,17th-18th century,,,18th Century,unknown,unknown
13,Amalner,[NO_ALT_NAME],Jalgaon,Amalner,21.0425,75.0664,Amalner,Bhuikot (Land Fort),183,In Ruins,Faruqi dynasty,Unknown,15th Century,Local administrative fort (gadi),Easy,0.5,Winter,Unknown,Unknown,FALSE,A land fort in Amalner town  now heavily encroached.,15th Century,15th century,,,15th Century,unknown,unknown
14,Ambagad,[NO_ALT_NAME],Bhandara,Tumsar,21.4395,79.6256,Ambagad,Giri Durg (Hill Fort),457,Partially Ruined,Gond Kingdom,Bakht Buland Shah,18th Century,Controlled by Gonds; later by Bhonsles of Nagpur,Easy,1,Winter,Unknown,Unknown,FALSE,A small fort with scenic views of the surrounding region.,18th Century,18th century,,,18th Century,unknown,unknown
15,Ambolgad,[NO_ALT_NAME],Ratnagiri,Rajapur,16.8042,73.3082,Ambolgad,Jal Durg (Sea Fort),15,In Ruins,Maratha Empire,Shivaji Maharaj,1660,Coastal watch post,Easy,0.5,Winter,Unknown,Unknown,FALSE,A small coastal fort offering splendid views of the Arabian Sea.,1660,1660,,1660,17th Century,unknown,unknown
16,Anghai,Ankai,Nashik,Yeola,20.1917,74.45,Ankai,Giri Durg (Hill Fort),961,Partially Ruined,Yadava Dynasty,Yadavas of Devgiri,12th Century,Controlled trade routes; has Jain and Hindu caves,Medium,1.5,Winter,Seasonal,Caves,TRUE,This is an alternate name for Ankai Fort .,12th Century,12th century,,,12th Century,unknown,unknown
17,Anjaneri Fort,[NO_ALT_NAME],Nashik,Trimbakeshwar,19.9234,73.5714,Anjaneri,Giri Durg (Hill Fort),1280,Partially Ruined,Yadava Dynasty,Unknown,12th Century,Believed to be the birthplace of Lord Hanuman,Easy,2,Monsoon; Winter,Year-round,Anjaneri Mata Temple,FALSE,Features a temple for Anjani Mata; popular pilgrimage and trek spot.,12th Century,12th century,,,12th Century,unknown,unknown
18,Ankai Fort,[NO_ALT_NAME],Nashik,Yeola,20.1917,74.45,Ankai,Giri Durg (Hill Fort),961,Partially Ruined,Yadava Dynasty,Yadavas of Devgiri,12th Century,Controlled trade routes; has Jain and Hindu caves,Medium,1.5,Winter,Seasonal,Caves,TRUE,Twin fort to Tankai; known for its extensive cave complexes and fortifications.,12th Century,12th century,,,12th Century,unknown,unknown
19,Antur Fort,[NO_ALT_NAME],Chhatrapati Sambhaji Nagar,Kannad,20.4489,75.253,Antur,Giri Durg (Hill Fort),899,Partially Ruined,Maratha Empire,A Maratha Sardar,15th Century,Protected the Gautala Wildlife Sanctuary region,Easy,1,Winter,Unknown,Unknown,FALSE,Known for its scenic location and robust construction.,15th Century,15th century,,,15th Century,unknown,unknown
20,Arjungad,[NO_ALT_NAME],Ratnagiri,Rajapur,16.6341,73.6812,Argaon,Giri Durg (Hill Fort),450,In Ruins,Maratha Empire,Unknown,Unknown,Guarded the route to Rajapur port,Easy,1.5,Winter,Unknown,Unknown,FALSE,A small fort with minimal structures remaining.,Unknown,unknown,,,unknown,unknown,unknown
21,Arnala Fort,[NO_ALT_NAME],Palghar,Vasai,19.4623,72.7386,Arnala,Jal Durg (Sea Fort),5,Partially Ruined,Sultanate of Gujarat; Portuguese; Maratha Empire,Bajirao I (rebuilt),1737,Captured from the Portuguese by Chimaji Appa,Easy,0.5,Winter,Seasonal,Unknown,TRUE,Island fort accessible by ferry from Arnala village.,1737,1737,,1737,18th Century,unknown,unknown
22,Asava,Asawagad,Palghar,Palghar,19.743,73.0019,Kardal,Giri Durg (Hill Fort),580,In Ruins,Shilahara Dynasty,Unknown,Unknown,Guarded the Palghar region,Medium,2.5,Winter,Seasonal,Caves,FALSE,A plateau fort with several water cisterns and remnants of fortifications.,Unknown,unknown,,,unknown,unknown,unknown
23,Asheri Fort,Asherigad,Palghar,Palghar,19.8242,72.915,Khodkona,Giri Durg (Hill Fort),516,Partially Ruined,Shilahara Dynasty,Bhojraja,13th Century,Captured from Portuguese by Marathas in 1737,Medium,2.5,Winter,Seasonal,Caves,FALSE,Offers panoramic views of the Palghar region; has a large plateau.,13th Century,13th century,,,13th Century,unknown,unknown
24,Avandha Fort,Avandha-Patta,Nashik,Sinnar,19.6644,73.8347,Nirgunpada,Giri Durg (Hill Fort),1323,In Ruins,Maratha Empire,Shivaji Maharaj,17th Century,Important fort in the Kalsubai range; surrendered to the British,Medium,3,Winter,Seasonal,Caves,FALSE,A challenging trek with rewarding views of Patta and Kalsubai.,17th Century,17th century,,,17th Century,unknown,unknown
25,Avchitgad,[NO_ALT_NAME],Raigad,Roha,18.435,73.1897,Medha,Giri Durg (Hill Fort),296,Partially Ruined,Shilahara Dynasty,Unknown,12th Century,Strengthened during Nizamshahi period,Easy,1.5,Monsoon; Winter,Year-round in cisterns,Unknown,FALSE,Known for its two main gates and bastions still in good condition.,12th Century,12th century,,,12th Century,unknown,unknown
26,Bahadurgad,[NO_ALT_NAME],Ahilyanagar,Shrigonda,18.7831,74.6508,Pedgaon,Bhuikot (Land Fort),540,In Ruins,Mughal Empire,Aurangzeb,1672,Aurangzeb's major Deccan campaign base; renamed Bahadurgad from Pedgaon,Easy,0.5,Winter,Unknown,Unknown,FALSE,Known for its Bhuleshwar temple and historical significance during Mughal-Maratha wars.,1672,1672,,1672,17th Century,unknown,unknown
27,Bahadurpur,[NO_ALT_NAME],Jalgaon,Parola,20.9833,75.1333,Bahadurpur,Bhuikot (Land Fort),260,In Ruins,Faruqi dynasty,Unknown,15th Century,A land fort guarding the trade routes of Khandesh,Easy,0.5,Winter,Unknown,Unknown,FALSE,Located in Bahadurpur village most of the structure is now gone.,15th Century,15th century,,,15th Century,unknown,unknown
28,Bahadurwadi,[NO_ALT_NAME],Kolhapur,Walva,16.9921,74.3414,Bahadurwadi,Bhuikot (Land Fort),570,In Ruins,Adil Shahi,Unknown,16th Century,A small land fort or 'gadi',Easy,0.5,Winter,Unknown,Unknown,FALSE,Very little remains of the original structure.,16th Century,16th century,,,16th Century,unknown,unknown
29,Bahiravgad,Bhairavgad (Satara),Satara,Patan,17.2001,73.8155,Gudhe,Giri Durg (Hill Fort),1000,In Ruins,Maratha Empire,Unknown,Unknown,Guarded the Koyna valley; known for its deadly exposure,Hard,2,Winter,Unknown,Unknown,FALSE,Extremely difficult and dangerous trek; involves a vertical rock patch.,Unknown,unknown,,,unknown,unknown,unknown
30,Bahula Fort,[NO_ALT_NAME],Nashik,Nashik,19.8459,73.8741,Bahula,Giri Durg (Hill Fort),1073,In Ruins,Yadava Dynasty,Unknown,12th Century,Watchtower fort in the Trimbak range,Easy,1.5,Winter,Unknown,Unknown,FALSE,A lesser-known fort offering solitude and views of Nashik city.,12th Century,12th century,,,12th Century,unknown,unknown
31,Balapur Fort,[NO_ALT_NAME],Akola,Balapur,20.6723,76.7797,Balapur,Bhuikot (Land Fort),268,Partially Ruined,Mughal Empire,Mirza Azam Shah,1721,Strategically located on the banks of Man river,Easy,0.5,Winter,Unknown,Unknown,TRUE,"Features high walls, bastions, and a beautiful chhatri of Mirza Raja Jai Singh.",1721,1721,,1721,18th Century,unknown,unknown
32,Ballalgad,[NO_ALT_NAME],Palghar,Dahanu,19.9547,72.8211,Dahanu,Giri Durg (Hill Fort),150,In Ruins,Maratha Empire,Unknown,18th Century,Watchtower fort near the coast,Easy,1,Winter,Unknown,Unknown,FALSE,A small fort  largely in ruins.,18th Century,18th century,,,18th Century,unknown,unknown
33,Ballalpur Fort,Ballarshah Fort,Chandrapur,Ballarpur,19.851,79.3512,Ballarpur,Bhuikot (Land Fort),192,In Ruins,Gond Kingdom,Khandkya Ballal Shah,13th Century,Capital of the Gond Kingdom before Chandrapur,Easy,0.5,Winter,Unknown,Unknown,TRUE,Located on the east bank of the Wardha River.,13th Century,13th century,,,13th Century,unknown,unknown
34,Balwantgad,[NO_ALT_NAME],Ratnagiri,Khed,17.6538,73.4011,Asgani,Giri Durg (Hill Fort),300,In Ruins,Maratha Empire,Unknown,Unknown,Small fort near Khed,Easy,1,Winter,Unknown,Unknown,FALSE,A small fort with very little historical record.,Unknown,unknown,,,unknown,unknown,unknown
35,Banda Fort,[NO_ALT_NAME],Sindhudurg,Sawantwadi,15.8219,73.8347,Banda,Bhuikot (Land Fort),30,In Ruins,Adil Shahi,Adil Shah,16th Century,Guarded the Terekhol creek crossing,Easy,0.5,Winter,Unknown,Unknown,FALSE,A land fort in the town of Banda  with only a few walls remaining.,16th Century,16th century,,,16th Century,unknown,unknown
36,Bandra Fort,Castella de Aguada,Mumbai Suburban,Bandra,19.0436,72.8198,Bandra,Jal Durg (Sea Fort),20,Partially Ruined,Portuguese,Portuguese,1640,Watchtower at Mahim Bay; captured by Marathas in 1739,Easy,0.2,All Seasons,Unknown,Unknown,FALSE,This is a duplicate entry for Castella de Aguada .,1640,1640,,1640,17th Century,unknown,unknown
37,Bankot Fort,Himmatgad; Fort Victoria,Ratnagiri,Mandangad,17.9868,73.0483,Bankot,Jal Durg (Sea Fort),60,Partially Ruined,Adil Shahi; Maratha Empire,Shivaji Maharaj,16th Century; captured 1660,First fort captured by Shivaji on the Konkan coast,Easy,0.5,Winter,Unknown,Unknown,TRUE,Offers a panoramic view of the Savitri river meeting the Arabian sea.,16th Century; captured 1660,16th century,,,16th Century,unknown,unknown
38,Barvai,[NO_ALT_NAME],Thane,Kalyan,19.2933,73.3444,Barvi,Giri Durg (Hill Fort),350,In Ruins,Maratha Empire,Unknown,Unknown,Watchtower fort near Barvi Dam,Easy,1.5,Winter,Unknown,Unknown,FALSE,The fort overlooks the Barvi dam and is mostly in a state of ruin.,Unknown,unknown,,,unknown,unknown,unknown
39,Basgad,Bhaskargad,Nashik,Trimbakeshwar,19.7891,73.5414,Baswantpur,Giri Durg (Hill Fort),1086,In Ruins,Maratha Empire,Unknown,Unknown,Watchtower fort overlooking Harihar and Trimbak range,Medium,2,Winter,Seasonal,Caves,FALSE,Known for its unique rock-cut steps and a small temple.,Unknown,unknown,,,unknown,unknown,unknown
40,Belapur Fort,[NO_ALT_NAME],Thane,Thane,19.0191,73.0369,Belapur,Bhuikot (Land Fort),10,Partially Ruined,Siddi Dynasty; Portuguese; Maratha Empire,Siddis of Janjira,1560-1570,Captured by the Portuguese and later by the Marathas under Chimaji Appa,Easy,0.2,All Seasons,Unknown,Unknown,FALSE,Located near the Panvel creek; now houses government offices.,1560-1570,1560-1570,,1560,16th Century,unknown,unknown
41,Bhadravati Fort,[NO_ALT_NAME],Chandrapur,Bhadravati,20.1084,79.1171,Bhadravati,Bhuikot (Land Fort),211,In Ruins,Gond Kingdom,Yadav Rao,13th Century,Ancient fort also known as Bhandak,Easy,0.5,Winter,Unknown,Unknown,FALSE,Notable for ancient temples and Buddhist caves in the vicinity.,13th Century,13th century,,,13th Century,unknown,unknown
42,Bhagwantgad,[NO_ALT_NAME],Sindhudurg,Vengurla,15.9083,73.5242,Bhonus,Jal Durg (Sea Fort),20,In Ruins,Sawantwadi State,Khem Sawant III,1701,Built to counter the Portuguese at Terekhol,Easy,0.5,Winter,Unknown,Unknown,FALSE,"A small coastal fort, mostly in ruins but offers great sea views.",1701,1701,,1701,18th Century,unknown,unknown
43,Bhairavgad (Kothale),[NO_ALT_NAME],Satara,Patan,17.2001,73.8155,Gudhe,Giri Durg (Hill Fort),1000,In Ruins,Maratha Empire,Unknown,Unknown,Guarded the Koyna valley; known for its deadly exposure,Hard,2,Winter,Unknown,Unknown,FALSE,"This is the Bhairavgad in the Koyna region, famous for its dangerous climb.",Unknown,unknown,,,unknown,unknown,unknown
44,Bhairavgad (Moroshi),[NO_ALT_NAME],Thane,Murbad,19.3086,73.4358,Moroshi,Giri Durg (Hill Fort),1145,Partially Ruined,Maratha Empire,Unknown,17th Century,Watchtower fort in Malshej Ghat region,Hard,3,Winter,Seasonal,Caves,FALSE,"This is the Bhairavgad near Malshej Ghat, known for its unique rock architecture.",17th Century,17th century,,,17th Century,unknown,unknown
45,Bhandardurg,[NO_ALT_NAME],Ahilyanagar,Akole,19.4975,73.6933,Ratanwadi,Giri Durg (Hill Fort),1297,Partially Ruined,Maratha Empire,Shivaji Maharaj,17th Century,The 'Jewel' fort; famous for its 'Nedhe' or Needle Hole,Medium,3,Winter,Year-round,Caves; Temple,FALSE,This is an alternate name for Ratangad .,17th Century,17th century,,,17th Century,unknown,unknown
46,Bhangsimatagad,[NO_ALT_NAME],Nashik,Dindori,20.3712,73.7441,Bhangsi,Giri Durg (Hill Fort),1050,In Ruins,Maratha Empire,Unknown,Unknown,A small hill fort for watchtower purposes,Easy,1,Winter,Unknown,Unknown,FALSE,A very obscure fort with almost no remains.,Unknown,unknown,,,unknown,unknown,unknown
47,Bharatgad,[NO_ALT_NAME],Sindhudurg,Malvan,15.8958,73.6816,Masure,Giri Durg (Hill Fort),150,Partially Ruined,Maratha Empire,Shivaji Maharaj,1680,Built to protect the southern borders of the Maratha kingdom,Easy,1,Winter,Year-round well,Temple,FALSE,Sister fort to Bhagwantgad.,1680,1680,,1680,17th Century,unknown,unknown
48,Bhaskargad,Basgad,Nashik,Trimbakeshwar,19.7891,73.5414,Baswantpur,Giri Durg (Hill Fort),1086,In Ruins,Maratha Empire,Unknown,Unknown,Watchtower fort overlooking Harihar and Trimbak range,Medium,2,Winter,Seasonal,Caves,FALSE,Known for its unique rock-cut steps and a small temple.,Unknown,unknown,,,unknown,unknown,unknown
49,Bhavangad,[NO_ALT_NAME],Palghar,Dahanu,19.9511,73.0336,Waghadi,Giri Durg (Hill Fort),310,In Ruins,Maratha Empire,Unknown,18th Century,Watchtower on the Dahanu-Nashik route,Easy,1,Winter,Unknown,Unknown,FALSE,A small and simple fort trek.,18th Century,18th century,,,18th Century,unknown,unknown
50,Bhilai Fort,[NO_ALT_NAME],Chandrapur,Brahmapuri,20.6125,79.8512,Bhilai,Bhuikot (Land Fort),225,In Ruins,Gond Kingdom,Gond Kings,Unknown,Ancient Gond fort,Easy,0.5,Winter,Unknown,Unknown,FALSE,An obscure fort with mostly earthen ramparts remaining.,Unknown,unknown,,,unknown,unknown,unknown
51,Bhivgad,[NO_ALT_NAME],Raigad,Karjat,18.9015,73.2844,Gaurkamat,Giri Durg (Hill Fort),360,In Ruins,Maratha Empire,Unknown,Unknown,Small fort near Karjat,Easy,1,Monsoon; Winter,Unknown,Unknown,FALSE,A small and easy trek offering views of Dhak Bahiri and Peb forts.,Unknown,unknown,,,unknown,unknown,unknown
52,Bhorgad,Dehergad,Nashik,Surguna,20.4815,73.7126,Hatrundi,Giri Durg (Hill Fort),1128,In Ruins,Maratha Empire,Unknown,17th Century,Watchtower fort in the Selbari range,Medium,2,Winter,Unknown,Unknown,FALSE,A lesser-known fort with excellent views of the surrounding ranges.,17th Century,17th century,,,17th Century,unknown,unknown
53,Bhorgiri,[NO_ALT_NAME],Pune,Khed,19.0622,73.7313,Bhorgiri,Giri Durg (Hill Fort),850,In Ruins,Unknown,Unknown,Ancient,Known for its caves and proximity to Bhimashankar,Easy,1.5,Monsoon; Winter,Seasonal,Caves; Temple,FALSE,More of a pilgrimage site with caves and minor fortifications.,Ancient,ancient,,,unknown,unknown,ancient
54,Bhudargad,[NO_ALT_NAME],Kolhapur,Bhudargad,16.1772,74.0935,Palej,Giri Durg (Hill Fort),978,Partially Ruined,Shilahara Dynasty,Raja Bhoj II,12th Century,Important administrative center for the region,Easy,1,Post-Monsoon,Year-round,Temple,FALSE,A vast fort with several temples and administrative buildings.,12th Century,12th century,,,12th Century,unknown,unknown
55,Bhupalgad,[NO_ALT_NAME],Sangli,Khanapur,17.4816,74.9086,Bhupalgad,Giri Durg (Hill Fort),910,In Ruins,Maratha Empire,Shivaji Maharaj,1670s,Destroyed by Sambhaji Maharaj in a campaign against the Mughals,Easy,1,Winter,Seasonal,Temple,FALSE,This is a different fort from Bhupatgad (Palghar).,1670s,1670s,,1670,17th Century,unknown,unknown
56,Bhupatgad,[NO_ALT_NAME],Palghar,Jawhar,19.988,73.1895,Chirwatpada,Giri Durg (Hill Fort),625,In Ruins,Maratha Empire,Shivaji Maharaj,17th Century,Built to watch over the northern Konkan region,Medium,2,Winter,Seasonal,Caves,FALSE,Features several water cisterns and remnants of structures.,17th Century,17th century,,,17th Century,unknown,unknown
57,Bhushangad,[NO_ALT_NAME],Satara,Khatav,17.7958,74.3855,Bhushangadwadi,Giri Durg (Hill Fort),927,Partially Ruined,Maratha Empire,Shivaji Maharaj,17th Century,A guardian fort for the eastern frontiers of Swarajya,Easy,0.5,Winter,Year-round,Maruti Temple,FALSE,Features a temple of Maruti and a large well.,17th Century,17th century,,,17th Century,unknown,unknown
58,Birwadi Fort,[NO_ALT_NAME],Raigad,Mahad,18.2227,73.3985,Birwadi,Giri Durg (Hill Fort),160,Partially Ruined,Maratha Empire,Shivaji Maharaj,17th Century,Watchtower fort near Raigad,Easy,1,Monsoon; Winter,Seasonal,Unknown,FALSE,A small fort good for beginner trekkers.,17th Century,17th century,,,17th Century,unknown,unknown
59,Bishta,[NO_ALT_NAME],Jalgaon,Chopda,21.3142,75.1811,Bishta,Bhuikot (Land Fort),200,In Ruins,Faruqi dynasty,Unknown,Unknown,A small fortified settlement or 'gadi',Easy,0.5,Winter,Unknown,Unknown,FALSE,Hardly any structure remains today.,Unknown,unknown,,,unknown,unknown,unknown
60,Bitangad,[NO_ALT_NAME],Nashik,Igatpuri,19.6644,73.8188,Bitangwadi,Giri Durg (Hill Fort),1067,In Ruins,Maratha Empire,Unknown,17th Century,Small fort used as a watchtower,Easy,1.5,Winter,Seasonal,Unknown,FALSE,"Trek is easy and offers views of Kalsubai, Alang, and Madan.",17th Century,17th century,,,17th Century,unknown,unknown
61,Bombay Castle,[NO_ALT_NAME],Mumbai City,Fort,18.9327,72.8378,Mumbai,Bhuikot (Land Fort),11,Well-Preserved,Portuguese; British East India Company,Garcia de Orta (manor),1554; fortified c. 1720,Headquarters of the British East India Company in Bombay,Easy,0.2,All Seasons,Not applicable,Unknown,FALSE,"Located within the premises of INS Angre, the naval base of the Western Naval Command. Access is restricted.",1554; fortified c. 1720,1554,,1554,16th Century,unknown,unknown
62,Brahmagiri,Bhandardurg,Nashik,Trimbakeshwar,19.937,73.5359,Trimbak,Giri Durg (Hill Fort),1298,Partially Ruined,Yadava Dynasty,Unknown,12th Century,Source of the Godavari River; a major pilgrimage site,Easy,2,Monsoon; Winter,Available,Unknown,FALSE,More of a pilgrimage site with fortifications; features Ganga-Godavari temple.,12th Century,12th century,,,12th Century,unknown,unknown
63,Castella de Aguada,Bandra Fort,Mumbai Suburban,Bandra,19.0436,72.8198,Bandra,Jal Durg (Sea Fort),20,Partially Ruined,Portuguese,Portuguese,1640,Watchtower at Mahim Bay; captured by Marathas in 1739,Easy,0.2,All Seasons,Unknown,Unknown,FALSE,Popular landmark in Bandra; offers views of the Bandra-Worli Sea Link.,1640,1640,,1640,17th Century,unknown,unknown
64,Chambhargad,[NO_ALT_NAME],Satara,Patan,17.2514,73.9125,Chambharwadi,Giri Durg (Hill Fort),950,In Ruins,Maratha Empire,Unknown,Unknown,A small fort known for its rock-cut cave,Easy,1,Winter,Unknown,Cave,FALSE,A lesser-known fort offering views of the Koyna backwaters.,Unknown,unknown,,,unknown,unknown,unknown
65,Chandan Fort,[NO_ALT_NAME],Satara,Satara,17.8447,73.9669,Kikali,Giri Durg (Hill Fort),1082,In Ruins,Shilahara Dynasty,Bhoj II,12th Century,Twin fort to Vandan; captured by Shivaji Maharaj,Easy,1.5,Winter,Seasonal,Mosque; Temple,FALSE,The trek usually covers both Chandan and Vandan forts together.,12th Century,12th century,,,12th Century,unknown,unknown
66,Chanderi,[NO_ALT_NAME],Raigad,Karjat,19.0558,73.2208,Vangani,Giri Durg (Hill Fort),800,Pinnacle,Maratha Empire,Shivaji Maharaj,Unknown,A watchtower fort between Badlapur and Vangani,Medium,3,Winter,Seasonal,Caves,FALSE,A popular trek known for its huge pinnacle and caves.,Unknown,unknown,,,unknown,unknown,unknown
67,Chandragad,Dhavalgad,Pune,Mulshi,18.3583,73.5186,Dhawale,Giri Durg (Hill Fort),1189,In Ruins,Maratha Empire,Shivaji Maharaj,17th Century,Overlooks the backwaters of Varasgaon dam,Medium,3,Winter,Seasonal,Caves; Temple,FALSE,A remote fort with a hidden escape route (chor darwaja).,17th Century,17th century,,,17th Century,unknown,unknown
68,Chandwad Fort,[NO_ALT_NAME],Nashik,Chandwad,20.3308,74.2255,Chandwad,Giri Durg (Hill Fort),1020,In Ruins,Yadava Dynasty,Dridhaprahara,9th Century,Known for Rangmahal palace and ancient temples,Easy,1,Winter,Unknown,Unknown,FALSE,Fort is located above the town of Chandwad.,9th Century,9th century,,,9th Century,unknown,unknown
69,Chaughan Fort,[NO_ALT_NAME],Nashik,Satana,20.6553,74.0761,Chaughan,Giri Durg (Hill Fort),1230,In Ruins,Maratha Empire,Unknown,Unknown,Part of the Satmala hill range,Medium,2,Winter,Unknown,Unknown,FALSE,A less-frequented fort with remnants of fortifications.,Unknown,unknown,,,unknown,unknown,unknown
70,Chaulher Fort,Chauragad,Nashik,Satana,20.735,74.0989,Chaulher,Giri Durg (Hill Fort),1123,Partially Ruined,Maratha Empire,Shivaji Maharaj,17th Century,Known for its difficult access and strong fortifications,Medium,2.5,Winter,Seasonal,Caves,FALSE,"Features a large plateau and a narrow, rock-cut approach.",17th Century,17th century,,,17th Century,unknown,unknown
71,Chavand Fort,Prasannagad,Pune,Junnar,19.2311,73.7439,Chavandwadi,Giri Durg (Hill Fort),1036,Partially Ruined,Satavahana Dynasty,Satavahanas,2nd Century,One of the five forts of Junnar region; has a Saptamatrika plaque,Easy,1.5,Winter,Year-round,Temple; Caves,FALSE,The fort was renamed Prasannagad by Shivaji Maharaj.,2nd Century,2nd century,,,2nd Century,unknown,unknown
72,Danda Fort,Korlai Fort,Raigad,Murud,18.5333,72.9,Korlai,Jal Durg (Sea Fort),90,Partially Ruined,Portuguese,Portuguese,1521,Guarded the Revdanda creek,Easy,1,Winter,Unknown,Lighthouse,TRUE,"This likely refers to Korlai Fort , located near Danda-Rajpuri creek.",1521,1521,,1521,16th Century,unknown,unknown
73,Dasgaon Fort,[NO_ALT_NAME],Raigad,Mahad,18.0917,73.3833,Dasgaon,Giri Durg (Hill Fort),150,In Ruins,Maratha Empire,Unknown,Unknown,Guarded the Savitri River creek,Easy,0.5,Winter,Unknown,Unknown,FALSE,Located on a small hillock near the village of Dasgaon.,Unknown,unknown,,,unknown,unknown,unknown
74,Dategad,Sundargad,Satara,Patan,17.4475,73.8436,Tolewadi,Giri Durg (Hill Fort),1067,In Ruins,Maratha Empire,Shivaji Maharaj,17th Century,Watchtower fort guarding the Patan-Karad region,Easy,1,Winter,Seasonal,Temple,FALSE,A small fort with a temple and a few water cisterns.,17th Century,17th century,,,17th Century,unknown,unknown
75,Dativre Fort,[NO_ALT_NAME],Palghar,Palghar,19.6105,72.7844,Dativre,Jal Durg (Sea Fort),5,In Ruins,Portuguese,Portuguese,16th Century,Guarded the mouth of Dativre creek,Easy,0.2,Winter,Unknown,Unknown,FALSE,Almost completely ruined; located amidst a fishing village.,16th Century,16th century,,,16th Century,unknown,unknown
76,Daulatabad Fort,Devgiri,Chhatrapati Sambhaji Nagar,Aurangabad,19.9431,75.214,Daulatabad,Giri Durg (Hill Fort),800,Partially Ruined,Yadava Dynasty,Bhillama V,1187,Capital shifted from Delhi by Muhammad bin Tughlaq in 1327,Medium,2.5,Winter,Bottled water sold,Hotels in Aurangabad,TRUE,"Features Chand Minar, intricate defenses, and the Andheri (dark passage).",1187,1187,,1187,12th Century,unknown,unknown
77,Daulatmangal,Bhuleshwar Fort,Pune,Daund,18.4231,74.3417,Malthan,Giri Durg (Hill Fort),700,In Ruins,Mughal Empire,Aurangzeb,1660s,Built to keep a watch on the movement of Marathas,Easy,1,Winter,Seasonal,Temple nearby,FALSE,Built on a hill that also hosts the famous Bhuleshwar Temple.,1660s,1660s,,1660,17th Century,unknown,unknown
78,Dermal Fort,[NO_ALT_NAME],Kolhapur,Ajra,16.035,74.155,Dhamane,Giri Durg (Hill Fort),850,In Ruins,Maratha Empire,Unknown,17th Century,Small watchtower fort,Easy,1,Post-Monsoon,Unknown,Unknown,FALSE,This is a duplicate entry for Dermal Fort .,17th Century,17th century,,,17th Century,unknown,unknown
79,Devgad Fort,[NO_ALT_NAME],Sindhudurg,Devgad,16.3797,73.3644,Devgad,Jal Durg (Sea Fort),30,Partially Ruined,Adil Shahi; Angre Clan,Kanhoji Angre,1705,Protected the Devgad harbour; has a lighthouse,Easy,0.5,Winter,Unknown,Unknown,FALSE,The fort walls enclose the Devgad town and harbour.,1705,1705,,1705,18th Century,unknown,unknown
80,Dhak Bahiri,[NO_ALT_NAME],Raigad,Karjat,18.8286,73.43,Sandshi,Giri Durg (Hill Fort),700,Caves,Unknown,Unknown,Ancient cave pilgrimage site,"A cave shrine of Lord Bhairavnath, known for extreme trek",Hard,3.5,Winter,Unknown,Caves,FALSE,This is a duplicate entry for Dhak Bahiri .,Ancient cave pilgrimage site,ancient cave pilgrimage site,,,unknown,unknown,ancient pilgrimage
81,Dharavi Fort,Riwa Fort,Mumbai City,Sion,19.0436,72.8683,Dharavi,Bhuikot (Land Fort),15,Partially Ruined,British,British East India Company,1737,Built to mark the northern boundary of British-held Bombay,Easy,0.1,All Seasons,Unknown,Unknown,FALSE,This is a duplicate entry for Riwa Fort .,1737,1737,,1737,18th Century,unknown,unknown
82,Dharmapuri Fort,[NO_ALT_NAME],Beed,Ambejogai,18.73,76.3762,Dharmapuri,Bhuikot (Land Fort),700,In Ruins,Unknown,Unknown,Unknown,Ancient land fort with a temple,Easy,0.5,Winter,Unknown,Unknown,FALSE,The fort is mostly in ruins but the Kedareshwar temple is intact.,Unknown,unknown,,,unknown,unknown,unknown
83,Dhodap Fort,[NO_ALT_NAME],Nashik,Chandwad,20.3958,74.0483,Hatti,Giri Durg (Hill Fort),1472,Partially Ruined,Yadava Dynasty,Yadavas of Devgiri,13th Century,Second highest fort in Maharashtra; Treaty of Purandar,Medium,2.5,Winter,Seasonal,Caves,FALSE,"Famous for its unique shape, Ikhara cliff, and rock-cut architecture.",13th Century,13th century,,,13th Century,unknown,unknown
84,Dhotri Fort,[NO_ALT_NAME],Ahilyanagar,Parner,19.0132,74.4511,Dhotre,Giri Durg (Hill Fort),850,In Ruins,Maratha Empire,Unknown,Unknown,A small watchtower fort,Easy,1,Winter,Unknown,Unknown,FALSE,Minimal ruins remain.,Unknown,unknown,,,unknown,unknown,unknown
85,Dronagiri Fort,[NO_ALT_NAME],Raigad,Uran,18.8419,72.9378,Karanja,Jal Durg (Sea Fort),200,In Ruins,Yadava Dynasty; Maratha Empire,Yadavas,13th Century,Overlooks Karanja and Mumbai harbours,Easy,1,Winter,Unknown,Unknown,FALSE,Much of the fort area is now part of a naval base and ONGC plant.,13th Century,13th century,,,13th Century,unknown,unknown
86,Dubergad,[NO_ALT_NAME],Nashik,Dindori,20.3215,73.8543,Duber,Giri Durg (Hill Fort),950,In Ruins,Maratha Empire,Unknown,Unknown,A small hill fort with minimal remains,Easy,1,Winter,Unknown,Unknown,FALSE,A lesser-known trek in the Dindori region.,Unknown,unknown,,,unknown,unknown,unknown
87,Dundha Fort,Dunda,Nashik,Dindori,20.2811,73.8015,Dundha,Giri Durg (Hill Fort),900,In Ruins,Maratha Empire,Unknown,Unknown,Small fort with a few cisterns and minimal fortifications,Easy,1.5,Winter,Unknown,Unknown,FALSE,A simple trek near Nashik.,Unknown,unknown,,,unknown,unknown,unknown
88,Durg Dhakoba,[NO_ALT_NAME],Pune,Khed,19.1667,73.6833,Ambavali,Giri Durg (Hill Fort),1175,Pinnacle,Maratha Empire,Unknown,Unknown,"Twin peak to Dhakoba, guarded the ancient trade routes",Hard,4,Winter,Seasonal,Caves,FALSE,A challenging trek often combined with Dhakoba.,Unknown,unknown,,,unknown,unknown,unknown
89,Durgadi Fort,[NO_ALT_NAME],Thane,Kalyan,19.2435,73.1256,Kalyan,Bhuikot (Land Fort),12,Well-Preserved,Maratha Empire,Shivaji Maharaj,1657,Site of the first Maratha navy dockyard,Easy,0.2,All Seasons,Not applicable,Unknown,FALSE,A small fort on the banks of Ulhas river; has a popular Durga temple.,1657,1657,,1657,17th Century,unknown,unknown
90,Fattegad,[NO_ALT_NAME],Ahilyanagar,Shrigonda,18.675,74.75,Fattegadwadi,Giri Durg (Hill Fort),650,In Ruins,Mughal Empire,Aurangzeb,17th Century,Small watchtower fort,Easy,1,Winter,Unknown,Unknown,FALSE,Lesser known fort  mostly ruins remain.,17th Century,17th century,,,17th Century,unknown,unknown
91,Gagangad,[NO_ALT_NAME],Kolhapur,Gaganbawada,16.5333,73.8333,Gagangad,Giri Durg (Hill Fort),930,Partially Ruined,Maratha Empire; Kolhapur State,Unknown,15th Century,Famous for the Gagangiri Maharaj Math,Easy,0.5,All Seasons,Available,Ashram,FALSE,Accessible by road; primarily a pilgrimage site now.,15th Century,15th century,,,15th Century,unknown,unknown
92,Galna Fort,[NO_ALT_NAME],Nashik,Malegaon,20.7303,74.4983,Galna,Giri Durg (Hill Fort),734,Partially Ruined,Rathod Rajputs,Rajput Chieftains,14th Century,Controlled the Surat-Burhanpur trade route,Easy,1,Winter,Unknown,Unknown,FALSE,A historical fort with a mix of Hindu and Islamic architecture.,14th Century,14th century,,,14th Century,unknown,unknown
93,Gambhirgad,[NO_ALT_NAME],Palghar,Dahanu,20.0678,73.1165,Patilpada,Giri Durg (Hill Fort),670,In Ruins,Maratha Empire,Unknown,17th Century,Guarded the northern Konkan region,Medium,2.5,Winter,Seasonal,Caves,FALSE,Known for its dense forest trek and panoramic views.,17th Century,17th century,,,17th Century,unknown,unknown
94,Gandharvagad,[NO_ALT_NAME],Kolhapur,Chandgad,15.9186,74.1953,Gandharvagad,Giri Durg (Hill Fort),750,In Ruins,Maratha Empire,Unknown,Unknown,Small fort known for its caves,Easy,1,Winter,Seasonal,Caves,FALSE,A remote fort with scenic surroundings.,Unknown,unknown,,,unknown,unknown,unknown
95,Gawilgad,Gawilghur,Amravati,Chikhaldara,21.3653,77.3375,Chikhaldara,Giri Durg (Hill Fort),1103,Partially Ruined,Gavali (Cowherd Kings); Bahmani Sultanate,Ahmad Shah Wali,1425,Major stronghold in Berar; captured by British under Arthur Wellesley in 1803,Medium,2,Winter,Seasonal,Unknown,TRUE,Located in Melghat Tiger Reserve; known for its intricate carvings and massive walls.,1425,1425,,1425,15th Century,unknown,unknown
96,Ghangad,[NO_ALT_NAME],Pune,Mulshi,18.5772,73.3444,Ekole,Giri Durg (Hill Fort),914,Partially Ruined,Maratha Empire,Unknown,Unknown,Watchtower fort near Tamhini Ghat,Easy,2,Winter,Seasonal,Caves,FALSE,Recently restored with ladders for the final climb.,Unknown,unknown,,,unknown,unknown,unknown
97,Gharapuri,Elephanta Island,Raigad,Uran,18.9633,72.9317,Gharapuri,Jal Durg (Sea Fort),173,Partially Ruined,Maurya Dynasty,Unknown,2nd Century BCE,Site of Elephanta Caves; had two cannons on top,Easy,1,All Seasons,Available,Unknown,TRUE,The fort structure is minimal  known primarily for the UNESCO World Heritage caves.,2nd Century BCE,2nd century bce,,,unknown,2nd Century BCE,unknown
98,Ghargad,Gadgada,Nashik,Trimbakeshwar,19.7825,73.5786,Ghoti,Giri Durg (Hill Fort),853,In Ruins,Maratha Empire,Unknown,Unknown,A small fort known for its thrilling rock patch,Hard,2,Winter,Unknown,Unknown,FALSE,Trek involves a narrow chimney-style rock climb.,Unknown,unknown,,,unknown,unknown,unknown
99,Ghodbunder Fort,[NO_ALT_NAME],Thane,Thane,19.2892,72.8897,Ghodbunder,Bhuikot (Land Fort),25,Partially Ruined,Portuguese,Portuguese,1550,Controlled trade on Ulhas river; has a church within,Easy,0.2,All Seasons,Unknown,Unknown,TRUE,The fort is now used for government training purposes.,1550,1550,,1550,16th Century,unknown,unknown
100,Ghosalgad,[NO_ALT_NAME],Raigad,Roha,18.3584,73.1788,Ghosale,Giri Durg (Hill Fort),366,Partially Ruined,Maratha Empire,Shivaji Maharaj,17th Century,Paired with Talgad to guard the Mandad river creek,Easy,1.5,Monsoon; Winter,Year-round,Caves; Temple,FALSE,Offers great views of the surrounding valleys and forts like Kuda Caves.,17th Century,17th century,,,17th Century,unknown,unknown
101,Ghotavade Fort,[NO_ALT_NAME],Pune,Mulshi,18.5412,73.6815,Ghotavade,Giri Durg (Hill Fort),700,Completely Ruined,Maratha Empire,Unknown,Unknown,A small hillock fort,Easy,0.5,Winter,Unknown,Unknown,FALSE,Almost no structure remains just a small hill.,Unknown,unknown,,,unknown,unknown,unknown
102,Goa Fort (Harnai),Kanakdurg,Ratnagiri,Dapoli,17.8167,73.0833,Harnai,Jal Durg (Sea Fort),15,Well-Preserved,Maratha Empire,Shivaji Maharaj,1660,Land-based fort connected to the sea fort Suvarnadurg,Easy,0.2,Winter,Unknown,Unknown,FALSE,This is one of the three land forts protecting Suvarnadurg.,1660,1660,,1660,17th Century,unknown,unknown
103,Gojagad,[NO_ALT_NAME],Ahilyanagar,Sangamner,19.4583,74.15,Gojagadwadi,Giri Durg (Hill Fort),850,In Ruins,Maratha Empire,Unknown,Unknown,Small watchtower fort,Easy,1,Winter,Unknown,Unknown,FALSE,A simple and short trek with ruins of a gateway.,Unknown,unknown,,,unknown,unknown,unknown
104,Gopalgad,Anjanvel Fort,Ratnagiri,Guhagar,17.1517,73.1519,Anjanvel,Jal Durg (Sea Fort),30,Well-Preserved,Bijapur Sultanate; Maratha Empire,Shivaji Maharaj (rebuilt),1660,Guarded the Dabhol creek; renamed Gopalgad by Shivaji Maharaj,Easy,0.5,Winter,Unknown,Unknown,TRUE,This is a duplicate entry for Anjanvel Fort .,1660,1660,,1660,17th Century,unknown,unknown
105,Gorakhgad,[NO_ALT_NAME],Thane,Murbad,19.1607,73.5414,Dehri,Giri Durg (Hill Fort),653,Caves,Yadava Dynasty,Unknown,12th Century,Pilgrimage site with a challenging rock pinnacle,Medium,2.5,Winter,Year-round,Caves; Temple,FALSE,Famous for its rock-cut steps and a large cave that can accommodate many trekkers.,12th Century,12th century,,,12th Century,unknown,unknown
106,Gorakhgad (Manmad),[NO_ALT_NAME],Nashik,Manmad,20.2525,74.4511,Ankai,Giri Durg (Hill Fort),850,In Ruins,Yadava Dynasty,Unknown,Unknown,A hillock near Ankai-Tankai with some fortifications,Easy,1,Winter,Unknown,Unknown,FALSE,"This is a smaller fort near Ankai, different from Gorakhgad near Murbad.",Unknown,unknown,,,unknown,unknown,unknown
107,Gowalkot Fort,Govindgad,Ratnagiri,Chiplun,17.5333,73.4833,Chiplun,Giri Durg (Hill Fort),50,Partially Ruined,Maratha Empire,Shivaji Maharaj,1670,Guarded the Vashishti river and the port of Chiplun,Easy,0.5,Winter,Unknown,Unknown,FALSE,Overlooks the town of Chiplun and the river.,1670,1670,,1670,17th Century,unknown,unknown
108,Gunvantgad,[NO_ALT_NAME],Satara,Patan,17.4431,73.7892,Gunavant,Giri Durg (Hill Fort),975,In Ruins,Maratha Empire,Shivaji Maharaj,17th Century,Guarded the route to Mahabaleshwar,Easy,1,Winter,Seasonal,Temple,FALSE,A straightforward trek with a temple at the top.,17th Century,17th century,,,17th Century,unknown,unknown
109,Hadsar Fort,Parvatgad,Pune,Junnar,19.2618,73.8055,Hadsar,Giri Durg (Hill Fort),1123,Partially Ruined,Satavahana Dynasty,Satavahanas,3rd Century,Known for its uniquely carved entrance tunnel and rock-cut steps,Medium,2,Winter,Year-round,Caves; Temple,FALSE,One of the five forts around Junnar.,3rd Century,3rd century,,,3rd Century,unknown,unknown
110,Hanumantgad,[NO_ALT_NAME],Kolhapur,Bhudargad,16.2083,74.0083,Kondoshi,Giri Durg (Hill Fort),990,In Ruins,Maratha Empire,Unknown,Unknown,Small fort in the Bhudargad range,Easy,1,Post-Monsoon,Unknown,Unknown,FALSE,A scenic trek through dense forest.,Unknown,unknown,,,unknown,unknown,unknown
111,Hanumantgad (Junnar),[NO_ALT_NAME],Pune,Junnar,19.3333,73.7333,Khamgaon,Giri Durg (Hill Fort),1188,Partially Ruined,Yadava Dynasty,Unknown,13th Century,Twin fort to Nimgiri; has several rock-cut cisterns,Medium,2,Winter,Year-round in cisterns,Caves,FALSE,This is the Hanumantgad that is a twin to Nimgiri Fort.,13th Century,13th century,,,13th Century,unknown,unknown
112,Hanumantgad (Sindhudurg),[NO_ALT_NAME],Sindhudurg,Dodamarg,15.8236,74.0012,Fukeri,Giri Durg (Hill Fort),350,In Ruins,Maratha Empire,Unknown,Unknown,A forest fort on the Goa-Maharashtra border,Medium,2.5,Winter,Seasonal,Unknown,FALSE,This is a different fort from the one in Kolhapur district.,Unknown,unknown,,,unknown,unknown,unknown
113,Hargad,[NO_ALT_NAME],Nashik,Baglan,20.7845,74.0721,Mulher,Giri Durg (Hill Fort),1280,In Ruins,Maratha Empire,Unknown,17th Century,Part of the Mulher-Mora-Hargad fort trio,Medium,2.5,Winter,Unknown,Caves,FALSE,A companion fort to Mulher often trekked together.,17th Century,17th century,,,17th Century,unknown,unknown
114,Harihar Fort,Harshagad,Nashik,Trimbakeshwar,19.8975,73.4731,Nirgudpada,Giri Durg (Hill Fort),1120,Partially Ruined,Yadava Dynasty,Yadavas of Devgiri,13th Century,Guarded the Gonda Ghat trade route,Medium,2.5,Winter,Seasonal,Caves; Small hut,FALSE,Famous for its iconic 80-degree inclined rock-cut steps.,13th Century,13th century,,,13th Century,unknown,unknown
115,Harishchandragad,[NO_ALT_NAME],Ahilyanagar,Akole,19.3908,73.7803,Pachnai; Khireshwar,Giri Durg (Hill Fort),1422,Partially Ruined,Kalachuri Dynasty,Unknown,6th Century,Features Konkan Kada; Kedareshwar Cave; Taramati Peak,Medium,4,Winter,Year-round,Caves; Temple,TRUE,A vast plateau fort; a paradise for trekkers and nature lovers.,6th Century,6th century,,,6th Century,unknown,unknown
116,Hatgad,[NO_ALT_NAME],Nashik,Surgana,20.5517,73.8111,Hatgad,Giri Durg (Hill Fort),1097,Partially Ruined,Maratha Empire,Shivaji Maharaj,17th Century,Guarded the route into Gujarat,Easy,1,Winter,Year-round,Caves,FALSE,Located near the Saputara hill station; accessible by well-laid steps.,17th Century,17th century,,,17th Century,unknown,unknown
117,Indragad,Indrai,Nashik,Chandwad,20.3069,74.2753,Indrawadi,Giri Durg (Hill Fort),1378,In Ruins,Yadava Dynasty,Unknown,12th Century,Features a large number of caves,Medium,2,Winter,Year-round in cisterns,Caves,FALSE,This is an alternate name for Indrai Fort .,12th Century,12th century,,,12th Century,unknown,unknown
118,Indrai Fort,Indragiri,Nashik,Chandwad,20.3069,74.2753,Indrawadi,Giri Durg (Hill Fort),1378,In Ruins,Yadava Dynasty,Unknown,12th Century,Features a large number of caves,Medium,2,Winter,Year-round in cisterns,Caves,FALSE,Known for its huge cave complex that can house hundreds of people.,12th Century,12th century,,,12th Century,unknown,unknown
119,Induri Fort,Talegaon Fort,Pune,Maval,18.7301,73.6558,Induri,Bhuikot (Land Fort),580,Partially Ruined,Maratha Empire,Sardar Khanderao Dabhade,1720-21,Built on the banks of the Indrayani river,Easy,0.2,Winter,Unknown,Unknown,FALSE,Known for the samadhi of Sarsenapati Khanderao Dabhade.,1720-21,1720-21,,1720,18th Century,unknown,unknown
120,Irshalgad,[NO_ALT_NAME],Raigad,Khalapur,18.91,73.2289,Irshalwadi,Giri Durg (Hill Fort),1128,Pinnacle,Maratha Empire,Unknown,Unknown,Sister fort to Prabalgad; used as a watchtower,Medium,2.5,Monsoon; Winter,Seasonal,Unknown,FALSE,A pinnacle fort with a small area on top; the final climb is tricky.,Unknown,unknown,,,unknown,unknown,unknown
121,Jaigad Fort,[NO_ALT_NAME],Ratnagiri,Ratnagiri,17.3,73.2167,Jaigad,Jal Durg (Sea Fort),40,Well-Preserved,Bijapur Sultanate,Bijapur rulers,16th Century,Guarded the Shastri river creek; has a lighthouse nearby,Easy,0.5,Winter,Unknown,Unknown,TRUE,A large coastal fort offering spectacular views of the sea and creek.,16th Century,16th century,,,16th Century,unknown,unknown
122,Jamgaon Fort,[NO_ALT_NAME],Ahilyanagar,Karjat,18.5721,75.0118,Jamgaon,Bhuikot (Land Fort),600,Well-Preserved,Maratha Empire,Mahadaji Scindia,18th Century,Known for its beautiful pillared mansion (wada),Easy,0.5,Winter,Unknown,Unknown,FALSE,The main attraction is the well-preserved wada inside the fort walls.,18th Century,18th century,,,18th Century,unknown,unknown
123,Janjala Fort,Vaishagad,Jalna,Bhokardan,20.3341,75.8423,Janjala,Giri Durg (Hill Fort),750,In Ruins,Yadava Dynasty,Unknown,12th Century,A large hill fort with extensive fortifications,Medium,2,Winter,Seasonal,Caves,FALSE,Known for its two levels of fortification and rock-hewn caves.,12th Century,12th century,,,12th Century,unknown,unknown
124,Janjira,Murud-Janjira,Raigad,Murud,18.3,72.9639,Rajpuri,Jal Durg (Sea Fort),12,Well-Preserved,Siddi Dynasty,Malik Ambar (Initial),17th Century,Remained unconquered by Marathas; Portuguese; and British,Easy,0.5,Winter,None on fort,Hotels in Murud,TRUE,This is the common name for Murud-Janjira Fort .,17th Century,17th century,,,17th Century,unknown,unknown
125,Jawalya,Javalagad,Nashik,Satana,20.5714,74.2012,Jawalya,Giri Durg (Hill Fort),1200,In Ruins,Maratha Empire,Unknown,Unknown,A small fort in the Satmala hill range,Medium,2,Winter,Unknown,Unknown,FALSE,A lesser-known fort offering views of the surrounding range.,Unknown,unknown,,,unknown,unknown,unknown
126,Jivdhan Fort,[NO_ALT_NAME],Pune,Junnar,19.2319,73.6667,Ghatghar,Giri Durg (Hill Fort),1145,Partially Ruined,Satavahana Dynasty,Satavahanas,1st Century BC,Guarded the Naneghat trade route; features Vanderlingi pinnacle,Hard,3,Winter,Seasonal,Caves,FALSE,Part of the 'Famous 5' treks of the Junnar region; involves a rock patch.,1st Century BC,1st century bc,,,unknown,1st Century BCE,unknown
127,Jungli Jaigad,[NO_ALT_NAME],Satara,Patan,17.4912,73.6931,Navja,Van Durg (Forest Fort),1000,In Ruins,Maratha Empire,Shivaji Maharaj,Unknown,A remote forest fort in the Koyna Wildlife Sanctuary,Hard,5,Winter,Seasonal,Unknown,FALSE,"A challenging jungle trek, different from the coastal Jaigad fort.",Unknown,unknown,,,unknown,unknown,unknown
128,Kailasgad,[NO_ALT_NAME],Pune,Mulshi,18.4521,73.4513,Vaduste,Giri Durg (Hill Fort),800,In Ruins,Maratha Empire,Unknown,Unknown,A small fort overlooking the backwaters of Mulshi dam,Easy,1.5,Winter,Unknown,Unknown,FALSE,A short trek ideal for beginners.,Unknown,unknown,,,unknown,unknown,unknown
129,Kakati Fort,[NO_ALT_NAME],Kolhapur,Kagal,16.5711,74.3015,Kakati,Bhuikot (Land Fort),600,In Ruins,Unknown,Unknown,Unknown,A small village fortification or 'gadi',Easy,0.2,Winter,Unknown,Unknown,FALSE,Very little remains of this small fort.,Unknown,unknown,,,unknown,unknown,unknown
130,Kala Killa,Dharavi Fort,Mumbai City,Sion,19.0436,72.8683,Dharavi,Bhuikot (Land Fort),15,Partially Ruined,British,British East India Company,1737,Local name for the Dharavi or Riwa fort,Easy,0.1,All Seasons,Unknown,Unknown,FALSE,This is an alternate name for Riwa Fort .,1737,1737,,1737,18th Century,unknown,unknown
131,Kaladgad,[NO_ALT_NAME],Raigad,Mangaon,18.2915,73.3421,Kaladgad,Giri Durg (Hill Fort),350,In Ruins,Maratha Empire,Unknown,Unknown,A small watchtower fort near Mangaon,Easy,1.5,Winter,Unknown,Unknown,FALSE,A simple trek with few remains of the fort.,Unknown,unknown,,,unknown,unknown,unknown
132,Kalanidhigad,Kalanandi Durg,Kolhapur,Chandgad,15.8653,74.156,Patne,Giri Durg (Hill Fort),975,Partially Ruined,Shilahara Dynasty,Bhoj II,12th Century,Guarded the Parpoli Ghat,Easy,1.5,Post-Monsoon,Seasonal,Temple,FALSE,A scenic fort with lush green surroundings in the monsoon.,12th Century,12th century,,,12th Century,unknown,unknown
133,Kalavantin Durg,[NO_ALT_NAME],Raigad,Panvel,18.9806,73.2208,Thakurwadi,Giri Durg (Hill Fort),686,Pinnacle,Bahmani Sultanate,Unknown,15th Century,Watchtower for Prabalgad fort,Hard,2.5,Winter,Unknown,Unknown,FALSE,Famous for its breathtaking zigzag rock-cut steps and steep drop.,15th Century,15th century,,,15th Century,unknown,unknown
134,Kaldurg,Kaldurg Fort,Palghar,Palghar,19.6631,72.9367,Waghobachi wadi,Giri Durg (Hill Fort),475,In Ruins,Maratha Empire,Unknown,Unknown,Watchtower fort near Palghar,Easy,2,Winter,Unknown,Unknown,FALSE,This is a duplicate entry for Kaldurg Fort .,Unknown,unknown,,,unknown,unknown,unknown
135,Kaldurg Fort,[NO_ALT_NAME],Palghar,Palghar,19.6631,72.9367,Waghobachi wadi,Giri Durg (Hill Fort),475,In Ruins,Maratha Empire,Unknown,Unknown,Watchtower fort near Palghar,Easy,2,Winter,Unknown,Unknown,FALSE,A rectangular-shaped fort with two distinct levels.,Unknown,unknown,,,unknown,unknown,unknown
136,Kalyangad,Nandgiri,Satara,Satara,17.7561,74.2341,Nandgiri,Giri Durg (Hill Fort),1082,Partially Ruined,Shilahara Dynasty,Bhoj II,12th Century,One of the 11 forts built by King Bhoj II of Panhala,Easy,1.5,Winter,Year-round,Temple; Caves,FALSE,Features a large cave with a temple of Lord Hanuman.,12th Century,12th century,,,12th Century,unknown,unknown
137,Kamalgad,[NO_ALT_NAME],Satara,Wai,17.895,73.785,Tupewadi,Giri Durg (Hill Fort),1375,In Ruins,Maratha Empire,Unknown,17th Century,Known for its unique natural rock structure with a hole,Medium,2,Winter,Seasonal,Unknown,FALSE,"A flat-topped fort, also called 'Navra-Navri' Dongar by locals.",17th Century,17th century,,,17th Century,unknown,unknown
138,Kamandurg,[NO_ALT_NAME],Palghar,Vasai,19.4314,72.9781,Devkuni,Giri Durg (Hill Fort),650,In Ruins,Maratha Empire,Unknown,Unknown,A difficult-to-access fort deep in the Tungareshwar Wildlife Sanctuary,Hard,4,Winter,Unknown,Unknown,FALSE,The trek is challenging due to dense forest and lack of a clear path.,Unknown,unknown,,,unknown,unknown,unknown
139,Kanakdurg,Goa Fort (Harnai),Ratnagiri,Dapoli,17.8167,73.0833,Harnai,Jal Durg (Sea Fort),15,Well-Preserved,Maratha Empire,Shivaji Maharaj,1660,Land-based fort connected to the sea fort Suvarnadurg,Easy,0.2,Winter,Unknown,Unknown,FALSE,This is a duplicate entry for Goa Fort (Harnai) .,1660,1660,,1660,17th Century,unknown,unknown
140,Kanchangad,[NO_ALT_NAME],Satara,Koregaon,17.7615,74.2113,Kanchangad,Giri Durg (Hill Fort),1050,In Ruins,Maratha Empire,Unknown,Unknown,A small hill fort with a bastion and a few cisterns,Easy,1,Winter,Unknown,Unknown,FALSE,Offers good views of Vardhangad and surrounding areas.,Unknown,unknown,,,unknown,unknown,unknown
141,Kandhar Fort,[NO_ALT_NAME],Nanded,Kandhar,18.8828,77.2025,Kandhar,Bhuikot (Land Fort),410,Partially Ruined,Rashtrakuta Dynasty,Krishna III,10th Century,A large land fort with a moat filled with water,Easy,1,Winter,Not applicable,Unknown,TRUE,Known for its massive gates and an imposing citadel.,10th Century,10th century,,,10th Century,unknown,unknown
142,Kanhergad,Kanhira,Nashik,Satana,20.4,74.15,Kanherwadi,Giri Durg (Hill Fort),1006,In Ruins,Maratha Empire,Unknown,Unknown,Watchtower fort in the Satmala range,Medium,2,Winter,Unknown,Unknown,FALSE,A lesser-known trek offering good views.,Unknown,unknown,,,unknown,unknown,unknown
143,Kankrala Fort,[NO_ALT_NAME],Nashik,Malegaon,20.4861,74.6083,Kankrala,Giri Durg (Hill Fort),762,In Ruins,Maratha Empire,Unknown,Unknown,Part of the Galna hill range,Easy,1,Winter,Unknown,Unknown,FALSE,A small fort with remnants of walls and cisterns.,Unknown,unknown,,,unknown,unknown,unknown
144,Karha Fort,[NO_ALT_NAME],Ahilyanagar,Pathardi,19.0833,75.1667,Karhewadi,Giri Durg (Hill Fort),900,In Ruins,Maratha Empire,Unknown,Unknown,Small hill fort,Easy,1,Winter,Unknown,Unknown,FALSE,Mostly in ruins with a small temple at the top.,Unknown,unknown,,,unknown,unknown,unknown
145,Karmala Fort,[NO_ALT_NAME],Solapur,Karmala,18.4141,75.2012,Karmala,Bhuikot (Land Fort),560,Partially Ruined,Nizam Shahi,Rao Rambha Nimbalkar,17th Century,A land fort with a large well and a temple,Easy,0.5,Winter,Unknown,Unknown,FALSE,The fort is located inside Karmala town.,17th Century,17th century,,,17th Century,unknown,unknown
146,Karnala Fort,Funnel Hill,Raigad,Panvel,18.8864,73.1206,Aapte,Giri Durg (Hill Fort),439,Partially Ruined,Yadava Dynasty,Yadavas of Devgiri,13th Century,Known for its 125 ft high volcanic plug called Pandu's tower,Easy,2,Monsoon; Winter,Seasonal,Unknown,FALSE,Located within the Karnala Bird Sanctuary.,13th Century,13th century,,,13th Century,unknown,unknown
147,Katora Fort,[NO_ALT_NAME],Bhandara,Tumsar,21.5,79.75,Katora,Bhuikot (Land Fort),280,In Ruins,Gond Kingdom,Unknown,18th Century,Small fort near Ambagad,Easy,0.5,Winter,Unknown,Unknown,FALSE,A minor fortification now mostly earthen mounds remain.,18th Century,18th century,,,18th Century,unknown,unknown
148,Katra Fort,[NO_ALT_NAME],Gadchiroli,Sironcha,18.8351,79.9612,Sironcha,Bhuikot (Land Fort),120,In Ruins,Gond Kingdom,Gond Kings,Unknown,A small fort near the confluence of Godavari and Indravati rivers,Easy,0.5,Winter,Unknown,Unknown,FALSE,Located in a remote area now mostly in ruins.,Unknown,unknown,,,unknown,unknown,unknown
149,Kauthigad,[NO_ALT_NAME],Raigad,Sudhagad,18.575,73.2,Kauthigwadi,Giri Durg (Hill Fort),600,In Ruins,Maratha Empire,Unknown,Unknown,Small fort near Sudhagad,Easy,1.5,Winter,Unknown,Caves,FALSE,A small trek often visited along with Sudhagad fort.,Unknown,unknown,,,unknown,unknown,unknown
150,Kavnai,[NO_ALT_NAME],Nashik,Igatpuri,19.7431,73.6669,Kavnai,Giri Durg (Hill Fort),914,Partially Ruined,Mughal Empire,Unknown,17th Century,Used as a prison by the Mughals,Easy,1,Winter,Seasonal,Temple; Caves,FALSE,This is a duplicate entry for Kavnai Fort .,17th Century,17th century,,,17th Century,unknown,unknown
151,Kelve Fort,[NO_ALT_NAME],Palghar,Palghar,19.5951,72.7315,Kelve,Bhuikot (Land Fort),5,In Ruins,Portuguese,Portuguese,1550s,A land-based fort near Kelve beach,Easy,0.2,Winter,Unknown,Unknown,FALSE,Not to be confused with the Kelve Pankot (sea fort).,1550s,1550s,,1550,16th Century,unknown,unknown
152,Kelve Mahim,Mahim Fort (Palghar),Palghar,Palghar,19.5714,72.7412,Mahim,Bhuikot (Land Fort),5,In Ruins,Sultanate of Gujarat,Bahadur Shah,14th Century,A coastal fort that was the seat of the local administration,Easy,0.5,Winter,Unknown,Unknown,FALSE,A large but completely ruined fort in the town of Mahim Palghar.,14th Century,14th century,,,14th Century,unknown,unknown
153,Kelve Pankot,[NO_ALT_NAME],Palghar,Palghar,19.6015,72.7214,Kelve,Jal Durg (Sea Fort),2,In Ruins,Portuguese,Portuguese,16th Century,A small sea fort to protect the Kelve creek,Easy,0.2 (low tide),Winter,Unknown,Unknown,FALSE,Accessible by walking during low tide from Kelve beach.,16th Century,16th century,,,16th Century,unknown,unknown
154,Kenjalgad,Gherakhelanja,Satara,Wai,18.0675,73.8053,Ghera Kenjal,Giri Durg (Hill Fort),1310,Partially Ruined,Maratha Empire,Shivaji Maharaj,1674,Captured by Shivaji Maharaj; one of his last conquests,Easy,1,Winter,Year-round,Temple,FALSE,"A flat-topped fort that is easy to climb, with great views of the Krishna river valley.",1674,1674,,1674,17th Century,unknown,unknown
155,Khairai,[NO_ALT_NAME],Pune,Bhor,18.1741,73.8321,Khairai,Giri Durg (Hill Fort),900,In Ruins,Maratha Empire,Unknown,Unknown,A small fort near Rohida,Easy,1.5,Winter,Unknown,Unknown,FALSE,Often visited by trekkers exploring the Bhor region.,Unknown,unknown,,,unknown,unknown,unknown
156,Khanderi,[NO_ALT_NAME],Raigad,Alibag,18.7,72.8125,Thal,Jal Durg (Sea Fort),10,Well-Preserved,Maratha Empire,Shivaji Maharaj,1679,Built to check the Siddis at Janjira; has a lighthouse,Easy,0.5,Winter,Seasonal,Lighthouse quarters,FALSE,Island fort accessible by boat; paired with the Underi fort.,1679,1679,,1679,17th Century,unknown,unknown
157,Kharda Fort,Shivpatta,Ahilyanagar,Jamkhed,18.6256,75.4678,Kharda,Bhuikot (Land Fort),750,Partially Ruined,Nizam Shahi,Unknown,15th Century,"Site of the Battle of Kharda, 1795, between Marathas and the Nizam",Easy,0.5,Winter,Unknown,Unknown,FALSE,A land fort known for its historical battle.,15th Century,15th century,,,15th Century,unknown,unknown
158,Kharepatan,[NO_ALT_NAME],Sindhudurg,Kankavli,16.5611,73.5542,Kharepatan,Bhuikot (Land Fort),20,In Ruins,Shilahara Dynasty,Unknown,12th Century,Ancient port town fort on the banks of Vaghotan river,Easy,0.5,Winter,Unknown,Unknown,FALSE,Only remnants of the walls can be seen today.,12th Century,12th century,,,12th Century,unknown,unknown
159,Khubladha Fort,[NO_ALT_NAME],Nashik,Manmad,20.2415,74.4312,Khubladha,Giri Durg (Hill Fort),800,In Ruins,Unknown,Unknown,Unknown,A small hillock with some fortifications near Manmad,Easy,1,Winter,Unknown,Unknown,FALSE,Lesser-known and with minimal remains.,Unknown,unknown,,,unknown,unknown,unknown
160,Kohoj Fort,[NO_ALT_NAME],Palghar,Wada,19.7892,73.0853,Vaghote,Giri Durg (Hill Fort),610,Partially Ruined,Bhoj Raja of Shilahar,Bhoj Raja,13th Century,Known for its unique man-shaped pinnacle,Medium,3,Winter,Seasonal,Temple; Caves,FALSE,Offers a panoramic view of the Palghar region's lakes.,13th Century,13th century,,,13th Century,unknown,unknown
161,Kolaba Fort,Alibag Fort,Raigad,Alibag,18.6417,72.8611,Alibag,Jal Durg (Sea Fort),10,Well-Preserved,Maratha Empire,Shivaji Maharaj,1680,Major naval station for the Maratha Navy under Sarkhel Kanhoji Angre,Easy,0.5,Winter,Sweet water well,Unknown,TRUE,Accessible by foot during low tide and by boat during high tide from Alibag beach.,1680,1680,,1680,17th Century,unknown,unknown
162,Koldher Fort,[NO_ALT_NAME],Nashik,Satana,20.55,74.15,Koldher,Giri Durg (Hill Fort),1158,In Ruins,Maratha Empire,Unknown,Unknown,Small watchtower fort,Medium,2,Winter,Unknown,Unknown,FALSE,A lesser-known fort in the Satmala range.,Unknown,unknown,,,unknown,unknown,unknown
163,Koldurg,[NO_ALT_NAME],Pune,Mulshi,18.5833,73.3512,Ekole,Giri Durg (Hill Fort),900,In Ruins,Maratha Empire,Unknown,Unknown,A small fort near Ghangad,Easy,1.5,Winter,Unknown,Unknown,FALSE,Often visited along with Ghangad fort.,Unknown,unknown,,,unknown,unknown,unknown
164,Kolkewadi Fort,[NO_ALT_NAME],Ratnagiri,Chiplun,17.4912,73.6841,Kolkewadi,Giri Durg (Hill Fort),300,In Ruins,Maratha Empire,Unknown,Unknown,Fort overlooking the Kolkewadi Dam,Easy,1,Winter,Unknown,Unknown,FALSE,The fort area is mostly within the dam premises.,Unknown,unknown,,,unknown,unknown,unknown
165,Kondhavi,[NO_ALT_NAME],Raigad,Roha,18.4112,73.1231,Kondhavi,Giri Durg (Hill Fort),200,In Ruins,Maratha Empire,Unknown,Unknown,A small fort on the banks of the Kundalika river,Easy,1,Winter,Unknown,Unknown,FALSE,Minimal ruins remain.,Unknown,unknown,,,unknown,unknown,unknown
166,Korigad,Koraigad,Pune,Maval,18.6167,73.3833,Peth Shahapur,Giri Durg (Hill Fort),923,Well-Preserved,Maratha Empire,Shivaji Maharaj,1657,Captured and incorporated into Swarajya; has two large ponds on top,Easy,1,Monsoon; Winter,Year-round,Koraidevi Temple,FALSE,A popular trek near Lonavala and Aamby Valley; fort walls are completely intact.,1657,1657,,1657,17th Century,unknown,unknown
167,Korlai Fort,Morro de Chaul,Raigad,Murud,18.5333,72.9,Korlai,Jal Durg (Sea Fort),90,Partially Ruined,Portuguese,Portuguese,1521,Guarded the Revdanda creek; captured by Marathas,Easy,1,Winter,Unknown,Lighthouse,TRUE,A massive Portuguese fort with 11 gates and a lighthouse; known for its unique Creole language-speaking villagers.,1521,1521,,1521,16th Century,unknown,unknown
168,Kotakmate Fort,[NO_ALT_NAME],Sindhudurg,Devgad,16.3915,73.4112,Kotakmate,Giri Durg (Hill Fort),100,In Ruins,Maratha Empire,Unknown,Unknown,Small coastal watchtower near Devgad,Easy,0.5,Winter,Unknown,Unknown,FALSE,Offers views of the Arabian sea and Devgad port.,Unknown,unknown,,,unknown,unknown,unknown
169,Kulang Fort,[NO_ALT_NAME],Nashik,Igatpuri,19.5894,73.6492,Kulangwadi,Giri Durg (Hill Fort),1470,In Ruins,Maratha Empire,Unknown,17th-18th Century,Part of the intense Alang-Madan-Kulang trek,Hard,4,Winter,Year-round in cisterns,Caves,FALSE,The largest of the AMK trio; requires a long and strenuous trek.,17th-18th Century,17th-18th century,,,18th Century,unknown,unknown
170,Kunjargad,Kombadgad,Ahilyanagar,Akole,19.4678,73.8825,Kunjargadwadi,Giri Durg (Hill Fort),1185,In Ruins,Maratha Empire,Unknown,17th Century,Watchtower fort in the Kalsubai range,Easy,1.5,Winter,Unknown,Unknown,FALSE,"A small fort offering splendid views of Harishchandragad, Ratangad and Kalsubai.",17th Century,17th century,,,17th Century,unknown,unknown
171,Kurdugad,Vishramgad,Raigad,Sudhagad,18.455,73.4,Jite,Giri Durg (Hill Fort),853,Partially Ruined,Maratha Empire,Shivaji Maharaj,17th Century,Used as a prison; renamed Vishramgad after the goddess Kurdai,Medium,2.5,Winter,Year-round in cisterns,Caves,FALSE,"Features a large cave, granaries and a bastion in good condition.",17th Century,17th century,,,17th Century,unknown,unknown
172,Laling Fort,[NO_ALT_NAME],Dhule,Dhule,20.7917,74.7167,Laling,Giri Durg (Hill Fort),533,In Ruins,Tughlaq dynasty,Faruqi Kings (rebuilt),14th Century,Controlled the strategic route from north India to Deccan,Easy,1,Winter,Unknown,Unknown,FALSE,The fort lies on the Mumbai-Agra highway and is easily accessible.,14th Century,14th century,,,14th Century,unknown,unknown
173,Lingana,[NO_ALT_NAME],Raigad,Mahad,18.2989,73.6194,Mohari,Giri Durg (Hill Fort),884,Pinnacle,Maratha Empire,Shivaji Maharaj,1648,Used as a penal colony by the Marathas,Hard,4,Winter,Unknown,Caves at base,FALSE,A massive pinnacle near Raigad and Torna; requires technical rock climbing.,1648,1648,,1648,17th Century,unknown,unknown
174,Lohagad,[NO_ALT_NAME],Pune,Maval,18.7056,73.4795,Lohagadwadi,Giri Durg (Hill Fort),1033,Well-Preserved,Satavahana Dynasty,Satavahanas,30 BCE,Used to store treasury from Surat loot by Shivaji Maharaj,Easy,1.5,Monsoon; Winter,Seasonal,Caves and local homes,TRUE,Known for its 'Vinchukata' (scorpion's tail) fortified spur and intact gates.,30 BCE,30 bce,30,,unknown,1st Century BCE,unknown
175,Machnur Fort,[NO_ALT_NAME],Solapur,Mangalvedha,17.4215,75.4513,Machnur,Bhuikot (Land Fort),480,In Ruins,Unknown,Unknown,Unknown,Small village fortification on the banks of the Bhima river,Easy,0.2,Winter,Unknown,Unknown,FALSE,A small gadi now mostly in ruins.,Unknown,unknown,,,unknown,unknown,unknown
176,Madangad,[NO_ALT_NAME],Nashik,Igatpuri,19.5892,73.6558,Kulangwadi,Giri Durg (Hill Fort),1474,In Ruins,Maratha Empire,Unknown,17th-18th Century,Part of the intense Alang-Madan-Kulang trek,Hard,5,Winter,Seasonal in cisterns,Caves,FALSE,The middle fort of the AMK trio; has a challenging rock patch for climbing.,17th-18th Century,17th-18th century,,,18th Century,unknown,unknown
177,Madh Fort,Versova Fort,Mumbai Suburban,Andheri,19.1301,72.7845,Madh,Jal Durg (Sea Fort),10,Well-Preserved,Portuguese,Portuguese,17th Century,A watchtower fort guarding the Marve Creek,Easy,0.2,All Seasons,Unknown,Unknown,FALSE,"Located on Madh Island, under the control of the Indian Air Force, access may be restricted.",17th Century,17th century,,,17th Century,unknown,unknown
178,Mahadevgad,[NO_ALT_NAME],Thane,Shahapur,19.4512,73.3514,Mahadevgad,Giri Durg (Hill Fort),700,In Ruins,Maratha Empire,Unknown,Unknown,A hillock near Mahuli with some signs of fortification,Medium,2,Winter,Unknown,Unknown,FALSE,Often considered a part of the greater Mahuli fort range.,Unknown,unknown,,,unknown,unknown,unknown
179,Mahim Fort,[NO_ALT_NAME],Mumbai City,Mahim,19.0333,72.8333,Mahim,Jal Durg (Sea Fort),10,In Ruins,Yadava Dynasty,Raja Bhimdev,13th Century,"Strategic fort in Mahim Bay; captured by Portuguese, then Marathas",Easy,0.2,All Seasons,Unknown,Unknown,FALSE,Heavily encroached upon; offers a view of the Bandra-Worli Sea Link.,13th Century,13th century,,,13th Century,unknown,unknown
180,Mahimangad,[NO_ALT_NAME],Satara,Maan,17.7,74.55,Mahimangad,Giri Durg (Hill Fort),975,Partially Ruined,Maratha Empire,Shivaji Maharaj,1673,Guarded the eastern frontier of Swarajya,Easy,1,Winter,Seasonal,Temple,FALSE,A straightforward trek with a Hanuman temple at the top.,1673,1673,,1673,17th Century,unknown,unknown
181,Mahimatgad,Mahipatgad,Ratnagiri,Khed,17.7667,73.6,Wadi Beldar,Giri Durg (Hill Fort),1190,In Ruins,Adil Shahi; Maratha Empire,Adil Shah,15th Century,One of the largest forts in Ratnagiri; captured by Shivaji Maharaj in 1661,Medium,3.5,Winter,Year-round in cisterns,Caves; Temple,FALSE,This is an alternate name for Mahipatgad .,15th Century,15th century,,,15th Century,unknown,unknown
182,Mahipalgad,Mahipatgad,Ratnagiri,Khed,17.7667,73.6,Wadi Beldar,Giri Durg (Hill Fort),1190,In Ruins,Adil Shahi; Maratha Empire,Adil Shah,15th Century,One of the largest forts in Ratnagiri; captured by Shivaji Maharaj in 1661,Medium,3.5,Winter,Year-round in cisterns,Caves; Temple,FALSE,This is an alternate name for Mahipatgad .,15th Century,15th century,,,15th Century,unknown,unknown
183,Mahipatgad,[NO_ALT_NAME],Ratnagiri,Khed,17.7667,73.6,Wadi Beldar,Giri Durg (Hill Fort),1190,In Ruins,Adil Shahi; Maratha Empire,Adil Shah,15th Century,One of the largest forts in Ratnagiri; captured by Shivaji Maharaj in 1661,Medium,3.5,Winter,Year-round in cisterns,Caves; Temple,FALSE,A vast plateau fort with dense forest cover.,15th Century,15th century,,,15th Century,unknown,unknown
184,Mahuli Fort,[NO_ALT_NAME],Thane,Shahapur,19.4831,73.2425,Mahuli,Giri Durg (Hill Fort),853,Partially Ruined,Mughal Empire; Maratha Empire,Nizamshahi,15th Century,"Site of a fierce battle in 1670; has many pinnacles like Navra, Navri",Medium,3,Winter,Seasonal,Caves,FALSE,Highest point in Thane district; a popular trekking destination.,15th Century,15th century,,,15th Century,unknown,unknown
185,Makarandgad,Madhumakarandgad,Satara,Mahabaleshwar,17.8422,73.6567,Ghatmatha,Giri Durg (Hill Fort),1236,In Ruins,Maratha Empire,Shivaji Maharaj,1656,Served as a watchtower for Pratapgad and Mahabaleshwar,Medium,2,Winter,Seasonal,Unknown,FALSE,Also known as the Saddleback fort due to its shape.,1656,1656,,1656,17th Century,unknown,unknown
186,Malanggad,Haji Malang,Thane,Kalyan,19.0983,73.2206,Wadi,Giri Durg (Hill Fort),789,Partially Ruined,Maurya Dynasty,King Naladev,7th Century,Famous for the shrine (dargah) of Haji Abd-ul-Rahman,Medium,2.5,Winter,Available,Dargah lodgings,FALSE,A unique fort with three levels and a popular pilgrimage center.,7th Century,7th century,,,7th Century,unknown,unknown
187,Malegaon Fort,[NO_ALT_NAME],Nashik,Malegaon,20.5511,74.5242,Malegaon,Bhuikot (Land Fort),430,Partially Ruined,Mughal Empire,Jahangir,1740 (rebuilt),A large land fort on the banks of the Mausam river,Easy,0.5,Winter,Unknown,Unknown,FALSE,The fort walls now enclose several schools and government offices.,1740 (rebuilt),1740 (rebuilt),,1740,18th Century,unknown,rebuilt
188,Malhargad,Sonori Fort,Pune,Purandar,18.4111,74.0622,Sonori,Giri Durg (Hill Fort),925,Partially Ruined,Maratha Empire,Peshwas (Bhivrao Panse),1760,Last fort built by the Marathas; named after Lord Malhar,Easy,1,Monsoon; Winter,Seasonal,Temple,FALSE,A small fort with two temples in good condition.,1760,1760,,1760,18th Century,unknown,unknown
189,Manaranjan Fort,[NO_ALT_NAME],Raigad,Karjat,18.8894,73.3939,Udhewadi,Giri Durg (Hill Fort),820,Partially Ruined,Yadava Dynasty,Yadavas of Devgiri,13th Century,"Part of the Rajmachi twin-fort complex, faces west",Easy,2.5,Monsoon; Winter,Available at Rajmachi,Udhewadi village homes,FALSE,"One of the two citadels of Rajmachi, simpler to climb than Shrivardhan.",13th Century,13th century,,,13th Century,unknown,unknown
190,Mandangad Fort,[NO_ALT_NAME],Ratnagiri,Mandangad,17.9833,73.2333,Mandangad,Giri Durg (Hill Fort),630,In Ruins,Shilahara Dynasty; Maratha Empire,King Bhoja,12th Century,Has a large cannon named 'Top of the Mandan',Easy,0.5,Winter,Seasonal,Unknown,FALSE,Easily accessible from Mandangad town.,12th Century,12th century,,,12th Century,unknown,unknown
191,Mangad Fort,[NO_ALT_NAME],Raigad,Mangaon,18.3333,73.2667,Borwadi,Giri Durg (Hill Fort),235,Partially Ruined,Maratha Empire,Shivaji Maharaj,17th Century,Guarded the route from Nizampur to Mahad,Easy,1,Monsoon; Winter,Seasonal,Caves; Temple,FALSE,Features a unique cave called 'Chor-darwaza' or secret door.,17th Century,17th century,,,17th Century,unknown,unknown
192,Mangalgad,Kangori,Raigad,Mahad,18.2167,73.55,Dudhulwadi,Giri Durg (Hill Fort),732,Partially Ruined,Maratha Empire,Chandrarao More,16th Century,Captured by Shivaji Maharaj in 1648,Medium,2,Winter,Seasonal,Temple; Cisterns,FALSE,A remote fort with a beautiful temple at the top.,16th Century,16th century,,,16th Century,unknown,unknown
193,Mangalvedha Fort,[NO_ALT_NAME],Solapur,Mangalvedha,17.5021,75.4312,Mangalvedha,Bhuikot (Land Fort),490,In Ruins,Chalukya Dynasty,Unknown,12th Century,An ancient fort associated with Saint Damaji,Easy,0.5,Winter,Unknown,Unknown,FALSE,Only a bastion and a few walls remain of the original fort.,12th Century,12th century,,,12th Century,unknown,unknown
194,Mangi-Tungi,[NO_ALT_NAME],Nashik,Satana,20.95,74.05,Mangi,Giri Durg (Hill Fort),1331,Well-Preserved,Yadava Dynasty,Unknown,12th Century,Major Jain pilgrimage center,Easy,2,Winter,Available,Dharamshala at base,FALSE,Known for its twin peaks and the world's tallest Jain statue of Lord Rishabhanatha.,12th Century,12th century,,,12th Century,unknown,unknown
195,Manikgad,[NO_ALT_NAME],Raigad,Khalapur,18.85,73.1833,Vashivali,Giri Durg (Hill Fort),564,In Ruins,Maratha Empire,Kanhoji Angre,1718,Built to overlook the trade route through Bor Ghat,Medium,3,Winter,Seasonal,Caves,FALSE,A conical fort with a large depression at the center.,1718,1718,,1718,18th Century,unknown,unknown
196,Manikgad (Jiwati),[NO_ALT_NAME],Chandrapur,Rajura,19.7833,79.3667,Manikgad,Giri Durg (Hill Fort),507,In Ruins,Gond Kingdom,Gond Kings,12th Century,A large fort with extensive ramparts and gates,Easy,1,Winter,Unknown,Unknown,TRUE,Located in a dense forest.,12th Century,12th century,,,12th Century,unknown,unknown
197,Manikpunj,[NO_ALT_NAME],Ahilyanagar,Parner,19.1215,74.4513,Manikpunj,Giri Durg (Hill Fort),900,In Ruins,Maratha Empire,Unknown,Unknown,A small hillock fort,Easy,1,Winter,Unknown,Unknown,FALSE,Lesser known fort with minimal remains.,Unknown,unknown,,,unknown,unknown,unknown
198,Manjarsumbha,[NO_ALT_NAME],Beed,Beed,18.8812,75.8415,Manjarsumbha,Giri Durg (Hill Fort),800,In Ruins,Nizam Shahi,Unknown,Unknown,A hill fort with a dargah at the top,Easy,1,Winter,Seasonal,Dargah,FALSE,Offers a panoramic view of the Balaghat range.,Unknown,unknown,,,unknown,unknown,unknown
199,Manohargad,[NO_ALT_NAME],Sindhudurg,Sawantwadi,15.9,74.1667,Manohargad,Giri Durg (Hill Fort),700,Partially Ruined,Maratha Empire,Shivaji Maharaj,1660,Guarded the Ranganagad-Sawantwadi route,Medium,2.5,Post-Monsoon,Year-round,Temple,FALSE,A twin fort to Mansantoshgad.,1660,1660,,1660,17th Century,unknown,unknown
200,Mansantoshgad,[NO_ALT_NAME],Sindhudurg,Sawantwadi,15.9167,74.15,Manohargad,Giri Durg (Hill Fort),670,In Ruins,Maratha Empire,Shivaji Maharaj,1660,Twin fort to Manohargad,Medium,2.5,Post-Monsoon,Seasonal,Unknown,FALSE,Visited along with Manohargad fort.,1660,1660,,1660,17th Century,unknown,unknown
201,Markandeya Fort,Markinda,Nashik,Satana,20.4833,74.0833,Mulane,Giri Durg (Hill Fort),1316,Partially Ruined,Maratha Empire,Unknown,17th Century,"Known for the Markandeya Rishi temple, offers views of Saptashrungi",Medium,2,Winter,Seasonal,Temple,FALSE,A pilgrimage spot and a fort with a vast plateau.,17th Century,17th century,,,17th Century,unknown,unknown
202,Mazagon Fort,[NO_ALT_NAME],Mumbai City,Mazagon,18.9667,72.85,Mazagon,Jal Durg (Sea Fort),10,Completely Ruined,Portuguese; British,Portuguese,1680,One of the forts protecting Mumbai harbour; blown up by Siddi,Easy,0.1,All Seasons,Unknown,Unknown,FALSE,No trace of the fort remains; the area is now Joseph Baptista Gardens.,1680,1680,,1680,17th Century,unknown,unknown
203,Mirgad (Songir),[NO_ALT_NAME],Nashik,Baglan,20.8412,74.1915,Songir,Giri Durg (Hill Fort),600,In Ruins,Unknown,Unknown,Unknown,A very small fort near Songir,Easy,1,Winter,Unknown,Unknown,FALSE,This is a very minor fortification.,Unknown,unknown,,,unknown,unknown,unknown
204,Mohandar Fort,Mohodari Shidaka,Nashik,Dindori,20.3333,73.75,Mohodari,Giri Durg (Hill Fort),1100,In Ruins,Maratha Empire,Unknown,Unknown,Watchtower fort in the Dindori range,Easy,1.5,Winter,Unknown,Unknown,FALSE,A simple trek with good views of the surrounding area.,Unknown,unknown,,,unknown,unknown,unknown
205,Mohangad,Jaslodgad,Pune,Shirur,18.3,73.8167,Mohari,Giri Durg (Hill Fort),1100,In Ruins,Maratha Empire,Bandal Deshmukh,17th Century,A subsidiary fort to Rohida,Medium,2,Winter,Seasonal,Unknown,FALSE,A small fort with remnants of a gate and cisterns.,17th Century,17th century,,,17th Century,unknown,unknown
206,Mora Fort,[NO_ALT_NAME],Nashik,Baglan,20.7,74.2,Virkhel,Giri Durg (Hill Fort),1000,In Ruins,Maratha Empire,Unknown,Unknown,A small hill fort in the Satmala range,Easy,1,Winter,Unknown,Unknown,FALSE,Lesser known fort often combined with a visit to Mulher.,Unknown,unknown,,,unknown,unknown,unknown
207,Mordhan,Moradangad,Nashik,Dindori,20.1511,73.5514,Mordhan,Giri Durg (Hill Fort),1070,In Ruins,Maratha Empire,Unknown,Unknown,A hill fort with a few cisterns and ruins,Medium,2,Winter,Unknown,Unknown,FALSE,Known for its scenic trek.,Unknown,unknown,,,unknown,unknown,unknown
208,Morgiri Fort,[NO_ALT_NAME],Pune,Maval,18.7333,73.4333,Lohagadwadi,Giri Durg (Hill Fort),930,In Ruins,Maratha Empire,Unknown,Unknown,A small watchtower fort near Lohagad,Easy,1,Monsoon; Winter,Unknown,Caves,FALSE,A very small fort often visited by trekkers going to Lohagad.,Unknown,unknown,,,unknown,unknown,unknown
209,Mrugagad,[NO_ALT_NAME],Raigad,Sudhagad,18.7833,73.35,Bheliv,Giri Durg (Hill Fort),533,Partially Ruined,Maratha Empire,Unknown,Unknown,Known for its thrilling rock-cut steps and narrow climb,Medium,2,Monsoon; Winter,Seasonal,Unknown,FALSE,"A small, scenic fort ideal for a one-day trek.",Unknown,unknown,,,unknown,unknown,unknown
210,Mudgad,[NO_ALT_NAME],Gadchiroli,Dhanora,20.2167,80.1167,Mudgad,Giri Durg (Hill Fort),450,In Ruins,Gond Kingdom,Gond Kings,Unknown,Ancient Gond fort in a dense forest,Medium,3,Winter,Unknown,Unknown,FALSE,Located in a remote and densely forested area.,Unknown,unknown,,,unknown,unknown,unknown
211,Mukutgad,[NO_ALT_NAME],Gadchiroli,Chamorshi,19.6667,79.9167,Mukutgad,Giri Durg (Hill Fort),300,In Ruins,Gond Kingdom,Gond Kings,Unknown,Fortress on the Wainganga river,Easy,1,Winter,Unknown,Unknown,FALSE,Another ancient Gond fort now mostly in ruins.,Unknown,unknown,,,unknown,unknown,unknown
212,Mulher Fort,[NO_ALT_NAME],Nashik,Baglan,20.7667,74.05,Mulher,Giri Durg (Hill Fort),1310,Partially Ruined,Rathod Dynasty,Bagul Kings,14th Century,Capital of the Bagul kingdom; site of a major Mughal-Maratha battle,Medium,3,Winter,Year-round,Temples; Caves,FALSE,A massive fort complex along with Mora and Hatgad forts.,14th Century,14th century,,,14th Century,unknown,unknown
213,Murud-Janjira,Janjira,Raigad,Murud,18.3,72.9639,Rajpuri,Jal Durg (Sea Fort),12,Well-Preserved,Siddi Dynasty,Malik Ambar (Initial),17th Century,Remained unconquered by Marathas; Portuguese; and British,Easy,0.5,Winter,None on fort,Hotels in Murud,TRUE,Accessible by sailboat from Rajpuri jetty; has 3 massive cannons.,17th Century,17th century,,,17th Century,unknown,unknown
214,Nagardhan,Nagardhan Fort,Nagpur,Ramtek,21.3615,79.3242,Nagardhan,Bhuikot (Land Fort),300,Partially Ruined,Gond Kingdom; Bhonsles,Raghoji Bhonsle I (rebuilt),18th Century,An ancient capital of the Vakataka dynasty,Easy,0.5,Winter,Unknown,Unknown,TRUE,A square-shaped land fort with bastions and a well-preserved wall.,18th Century,18th century,,,18th Century,unknown,unknown
215,Nagla Bunder Fort,[NO_ALT_NAME],Thane,Thane,19.2612,72.9615,Nagla Bunder,Jal Durg (Sea Fort),5,In Ruins,Portuguese,Portuguese,Unknown,A small watchtower on the Thane creek,Easy,0.2,Winter,Unknown,Unknown,FALSE,Located deep inside the mangrove forests of the Sanjay Gandhi National Park.,Unknown,unknown,,,unknown,unknown,unknown
216,Naldurg Fort,[NO_ALT_NAME],Dharashiv,Naldurg,17.8167,76.2833,Naldurg,Bhuikot (Land Fort),560,Well-Preserved,Chalukya Dynasty; Bahmani Sultanate,Ali Adil Shah I (rebuilt),16th Century,Famous for its unique Pani Mahal (Water Palace) built across the Bori river,Easy,1.5,Post-Monsoon,Not applicable,Unknown,TRUE,An excellent example of Indo-Islamic architecture.,16th Century,16th century,,,16th Century,unknown,unknown
217,Nanded Fort,[NO_ALT_NAME],Nanded,Nanded,19.15,77.3167,Nanded,Bhuikot (Land Fort),362,In Ruins,Rashtrakuta Dynasty,Unknown,10th Century,Located on the banks of Godavari river,Easy,0.5,Winter,Unknown,Unknown,FALSE,The fort area is now heavily encroached by the city.,10th Century,10th century,,,10th Century,unknown,unknown
218,Naneghat,[NO_ALT_NAME],Pune,Junnar,19.2833,73.6833,Ghatghar,Giri Durg (Hill Fort),830,Caves,Satavahana Dynasty,Satavahanas,1st Century BCE,Ancient trade route pass with caves and inscriptions,Easy,2.5,Winter,Seasonal,Caves,FALSE,Famous for its inscriptions and the reverse waterfall during monsoon.,1st Century BCE,1st century bce,,,unknown,1st Century BCE,unknown
219,Narayangad,[NO_ALT_NAME],Pune,Junnar,19.1167,74.05,Narayangaon,Giri Durg (Hill Fort),775,In Ruins,Yadava Dynasty,Yadavas of Devgiri,13th Century,Strengthened during the Peshwa period,Easy,1,Winter,Seasonal,Temple,FALSE,A small fort known for its temple of Hastabai.,13th Century,13th century,,,13th Century,unknown,unknown
220,Narayangad (Amboli),[NO_ALT_NAME],Sindhudurg,Sawantwadi,15.9613,74.0012,Amboli,Giri Durg (Hill Fort),750,In Ruins,Sawantwadi State,Unknown,Unknown,A small fort near Amboli Ghat,Easy,0.5,Post-Monsoon,Unknown,Unknown,FALSE,"A view point in Amboli, with very few remains of the fort.",Unknown,unknown,,,unknown,unknown,unknown
221,Narnala Fort,Shahanur Fort,Akola,Akot,21.2333,77.0333,Shahanur,Giri Durg (Hill Fort),973,Partially Ruined,Gond Kingdom; Bahmani Sultanate,Gond Kings,10th Century,"Part of Melghat Tiger Reserve; consists of three forts: Zafarabad, Narnala, and Teliagarh",Medium,2,Winter,Year-round,Unknown,TRUE,A vast hill fort with impressive gates and a beautiful mosque.,10th Century,10th century,,,10th Century,unknown,unknown
222,Narsinhagad,[NO_ALT_NAME],Sangli,Khanapur,17.25,74.6333,Khanapur,Giri Durg (Hill Fort),900,In Ruins,Maratha Empire,Unknown,Unknown,Small fort dedicated to Lord Narasimha,Easy,1,Winter,Seasonal,Temple,FALSE,A pilgrimage spot with ruins of fortifications.,Unknown,unknown,,,unknown,unknown,unknown
223,Nhavigad,Ratangad,Nashik,Igatpuri,20.4667,73.7833,Nhavi,Giri Durg (Hill Fort),1100,In Ruins,Maratha Empire,Unknown,Unknown,Watchtower in the Satmala range,Medium,2,Winter,Unknown,Unknown,FALSE,Provides good views of the surrounding forts like Patta.,Unknown,unknown,,,unknown,unknown,unknown
224,Nimgiri Fort,[NO_ALT_NAME],Pune,Junnar,19.3333,73.7333,Khamgaon,Giri Durg (Hill Fort),1188,Partially Ruined,Yadava Dynasty,Unknown,13th Century,Twin fort to Hanumantgad; has several rock-cut cisterns,Medium,2,Winter,Year-round in cisterns,Caves,FALSE,Known for its step-well and rock-cut architecture.,13th Century,13th century,,,13th Century,unknown,unknown
225,Nivati Fort,[NO_ALT_NAME],Sindhudurg,Vengurla,15.9333,73.4833,Nivati,Jal Durg (Sea Fort),30,In Ruins,Maratha Empire,Shivaji Maharaj,1665,Coastal watchtower fort overlooking Nivati beach and Bhogwe beach,Easy,0.5,Winter,Unknown,Unknown,FALSE,Offers stunning views of the Karli river estuary.,1665,1665,,1665,17th Century,unknown,unknown
226,Pabargad,[NO_ALT_NAME],Ahilyanagar,Akole,19.5512,73.7415,Pabarwadi,Giri Durg (Hill Fort),1100,In Ruins,Maratha Empire,Unknown,Unknown,A small fort near the Kalsubai range,Medium,2.5,Winter,Unknown,Caves,FALSE,A challenging trek with a rock patch.,Unknown,unknown,,,unknown,unknown,unknown
227,Padargad,[NO_ALT_NAME],Raigad,Karjat,18.9167,73.4,Khandas,Giri Durg (Hill Fort),650,Pinnacle,Maratha Empire,Unknown,Unknown,Watchtower for Bhimashankar; extremely difficult climb,Hard,4,Winter,Unknown,Caves,FALSE,Features a natural chimney climb and high exposure.,Unknown,unknown,,,unknown,unknown,unknown
228,Padmadurg,Kasa Fort,Raigad,Murud,18.3167,72.95,Murud,Jal Durg (Sea Fort),5,Partially Ruined,Maratha Empire,Shivaji Maharaj,1676,Built to counter Janjira fort; shaped like a lotus,Easy,0.5,Winter,Unknown,Unknown,TRUE,"A sea fort near Murud-Janjira, accessible by boat but requires permission.",1676,1676,,1676,17th Century,unknown,unknown
229,Padmagad,[NO_ALT_NAME],Sindhudurg,Devgad,16.3612,73.3815,Devgad,Jal Durg (Sea Fort),5,In Ruins,Maratha Empire,Shivaji Maharaj,Unknown,A sea fort built to protect Devgad fort,Easy,0.5 (boat),Winter,Unknown,Unknown,FALSE,Not to be confused with Padmadurg near Murud. Most of it is submerged.,Unknown,unknown,,,unknown,unknown,unknown
230,Padmagad (Malwan),[NO_ALT_NAME],Sindhudurg,Malvan,16.0833,73.4667,Malvan,Jal Durg (Sea Fort),5,In Ruins,Maratha Empire,Shivaji Maharaj,1668,A coastal watchtower fort,Easy,0.2,Winter,Unknown,Unknown,FALSE,"This likely refers to Sarjekot  or another minor fortification near Malvan, not to be confused with Padmadurg .",1668,1668,,1668,17th Century,unknown,unknown
231,Pal Fort,Pali,Satara,Patan,17.4012,73.9015,Pali,Giri Durg (Hill Fort),950,In Ruins,Maratha Empire,Unknown,Unknown,A fort in the Koyna region associated with Saint Ramdas,Easy,1,Winter,Unknown,Unknown,FALSE,A small fort with a Maruti temple.,Unknown,unknown,,,unknown,unknown,unknown
232,Palgad,[NO_ALT_NAME],Ratnagiri,Dapoli,17.7,73.3167,Palgad,Giri Durg (Hill Fort),300,In Ruins,Maratha Empire,Shivaji Maharaj,17th Century,Birthplace of the social reformer Sane Guruji is at the base,Easy,1,Winter,Unknown,Unknown,FALSE,A small fort with historical connections to the Konkan region.,17th Century,17th century,,,17th Century,unknown,unknown
233,Palshi Fort,[NO_ALT_NAME],Pune,Khed,18.8415,73.9012,Palshi,Bhuikot (Land Fort),600,In Ruins,Maratha Empire,Unknown,Unknown,A small fortified mansion or 'gadi',Easy,0.2,Winter,Unknown,Unknown,FALSE,Located within Palshi village; very little remains.,Unknown,unknown,,,unknown,unknown,unknown
234,Pandavgad,[NO_ALT_NAME],Satara,Wai,17.9667,73.85,Dhavdi,Giri Durg (Hill Fort),1273,Partially Ruined,Shilahara Dynasty,Bhoj II,12th Century,Believed to be a place of stay for the Pandavas,Easy,1.5,Monsoon; Winter,Year-round,Temple; Caves,FALSE,The fort has a large plateau and several rock-cut water cisterns.,12th Century,12th century,,,12th Century,unknown,unknown
235,Panhala Fort,[NO_ALT_NAME],Kolhapur,Panhala,16.8167,74.1167,Panhala,Giri Durg (Hill Fort),977,Well-Preserved,Shilahara Dynasty,Bhoj II,1178-1209,Famous for Shivaji's escape to Vishalgad; has extensive fortifications,Easy,1,All Seasons,Available,Hotels on fort,TRUE,A major hill station with a fort that housed Shivaji Maharaj for over 500 days.,1178-1209,1178-1209,,1178,12th Century,unknown,unknown
236,Panhale Durg,Panhalekaji,Ratnagiri,Dapoli,17.6512,73.2315,Panhalekaji,Van Durg (Forest Fort),100,Caves,Shilahara Dynasty,Unknown,11th-12th Century,A group of rock-cut caves with some fortifications,Easy,0.5,Winter,Unknown,Caves,TRUE,More known as a complex of Buddhist and Hindu caves than a fort.,11th-12th Century,11th-12th century,,,12th Century,unknown,unknown
237,Paranda Fort,[NO_ALT_NAME],Dharashiv,Paranda,18.2667,75.95,Paranda,Bhuikot (Land Fort),600,Well-Preserved,Bahmani Sultanate,Mahmud Gawan,15th Century,A fine example of military architecture; has a large number of cannons,Easy,1,Winter,Not applicable,Unknown,TRUE,"Known for its well-preserved bastions, moat, and the 'Mulik-e-Maidan' cannon.",15th Century,15th century,,,15th Century,unknown,unknown
238,Pargad,[NO_ALT_NAME],Kolhapur,Chandgad,15.8167,74.05,Pargad,Giri Durg (Hill Fort),738,Partially Ruined,Maratha Empire,Shivaji Maharaj,1674,Built to defend the southern border of Swarajya,Medium,1,Post-Monsoon,Year-round,Temple; Villagers' homes,FALSE,The fort is still inhabited by descendants of its original defenders.,1674,1674,,1674,17th Century,unknown,unknown
239,Parola Fort,[NO_ALT_NAME],Jalgaon,Parola,20.8833,75.1167,Parola,Bhuikot (Land Fort),260,In Ruins,Maratha Empire,Jahagirdar Hari Sadashiv Damodar,1727,A large land fort built by the Newalkar family,Easy,0.5,Winter,Unknown,Unknown,FALSE,"A significant landmark in Parola town, though largely in ruins.",1727,1727,,1727,18th Century,unknown,unknown
240,Parvatgad (Nashik),[NO_ALT_NAME],Nashik,Dindori,20.2512,73.8115,Parvatwadi,Giri Durg (Hill Fort),1050,In Ruins,Maratha Empire,Unknown,Unknown,A small fort used as a watchtower,Easy,1.5,Monsoon; Winter,Unknown,Unknown,FALSE,Lesser-known fort in the Dindori range.,Unknown,unknown,,,unknown,unknown,unknown
241,Pateshwar,[NO_ALT_NAME],Satara,Satara,17.6012,74.0215,Pateshwar,Giri Durg (Hill Fort),900,Caves,Unknown,Unknown,Ancient,A religious place with 8 ancient cave temples of Lord Shiva,Easy,1,All Seasons,Unknown,Temples,FALSE,More of a pilgrimage site with caves than a fort.,Ancient,ancient,,,unknown,unknown,ancient
242,Patta Fort,Vishramgad,Nashik,Sinnar,19.6667,73.8833,Pattawadi,Giri Durg (Hill Fort),1392,Partially Ruined,Yadava Dynasty; Maratha Empire,Yadavas,13th Century,Shivaji Maharaj rested here during his retreat from Surat; hence named Vishramgad,Easy,1.5,Monsoon; Winter,Year-round,Caves; Temple,FALSE,Has a large cave and is accessible via a well-defined path.,13th Century,13th century,,,13th Century,unknown,unknown
243,Pavangad,[NO_ALT_NAME],Kolhapur,Panhala,16.8167,74.1333,Panhala,Giri Durg (Hill Fort),950,In Ruins,Maratha Empire,Shivaji Maharaj,1673,A sister fort to Panhala; captured by the British in 1844,Easy,0.5,Winter,Unknown,Unknown,FALSE,Located very close to Panhala fort.,1673,1673,,1673,17th Century,unknown,unknown
244,Peb Fort,Vikatgad,Raigad,Karjat,18.9167,73.1333,Neral,Giri Durg (Hill Fort),640,Partially Ruined,Maratha Empire,Shivaji Maharaj,17th Century,Named after goddess Pebi; offers views of Matheran toy train,Easy,2,Monsoon; Winter,Seasonal,Temple; Caves,FALSE,A popular trek near Matheran; can be reached via the Matheran railway line.,17th Century,17th century,,,17th Century,unknown,unknown
245,Pemgiri Fort,Shahagad,Ahilyanagar,Sangamner,19.4333,74.0167,Pemgiri,Giri Durg (Hill Fort),1000,In Ruins,Yadava Dynasty; Nizam Shahi,Nizam Shah,15th Century,Used as a state prison by the Nizam Shahi dynasty,Medium,1.5,Winter,Unknown,Caves,FALSE,Also known as Shahagad; features large caves.,15th Century,15th century,,,15th Century,unknown,unknown
246,Piliv Fort,[NO_ALT_NAME],Solapur,Malshiras,17.9712,74.9513,Piliv,Bhuikot (Land Fort),550,In Ruins,Adil Shahi,Unknown,Unknown,A land fort or 'gadi' in the village,Easy,0.2,Winter,Unknown,Unknown,FALSE,A few walls and a bastion are all that remain.,Unknown,unknown,,,unknown,unknown,unknown
247,Pimpla Fort,[NO_ALT_NAME],Nashik,Satana,20.6512,74.2513,Pimpla,Giri Durg (Hill Fort),1100,In Ruins,Maratha Empire,Unknown,Unknown,A small fort in the Satmala range,Medium,2,Winter,Unknown,Unknown,FALSE,A remote fort with very few trekkers.,Unknown,unknown,,,unknown,unknown,unknown
248,Pimplaskot,[NO_ALT_NAME],Ahilyanagar,Parner,18.9512,74.5215,Pimplaskot,Giri Durg (Hill Fort),900,In Ruins,Maratha Empire,Unknown,Unknown,A small hill fort with minimal remains,Easy,1,Winter,Unknown,Unknown,FALSE,A very obscure fort.,Unknown,unknown,,,unknown,unknown,unknown
249,Pisol Fort,[NO_ALT_NAME],Pune,Haveli,18.4231,73.8312,Pisol,Giri Durg (Hill Fort),850,Completely Ruined,Maratha Empire,Unknown,Unknown,A very small watchtower,Easy,0.5,Winter,Unknown,Unknown,FALSE,Only a small plinth and a water cistern remain.,Unknown,unknown,,,unknown,unknown,unknown
250,Prabalgad,Muranjan,Raigad,Panvel,18.9833,73.2,Thakurwadi,Giri Durg (Hill Fort),700,Partially Ruined,Bahmani Sultanate,Bahmani Sultanate,15th Century,Captured by Shivaji Maharaj; Umaji Naik fought against the British from here,Medium,3,Winter,Seasonal,Villagers' homes on plateau,FALSE,A large plateau fort next to the famous Kalavantin Durg pinnacle.,15th Century,15th century,,,15th Century,unknown,unknown
251,Prachitgad,[NO_ALT_NAME],Ratnagiri,Sangameshwar,17.2167,73.6833,Shrungarpur,Giri Durg (Hill Fort),1000,In Ruins,Maratha Empire,Shivaji Maharaj,17th Century,A remote fort in the Sahyadris with dense forest cover,Hard,5,Winter,Seasonal,Temple,FALSE,One of the toughest treks in the Konkan region.,17th Century,17th century,,,17th Century,unknown,unknown
252,Pratapgad,[NO_ALT_NAME],Satara,Mahabaleshwar,17.9238,73.5857,Wai,Giri Durg (Hill Fort),1080,Well-Preserved,Maratha Empire,Moropant Pingle,1656,"Meeting and slaying of Afzal Khan, 1659",Easy,0.5,Post-Monsoon; Winter,Available,Unknown,FALSE,Features a temple to Goddess Bhavani and a statue of Shivaji Maharaj.,1656,1656,,1656,17th Century,unknown,unknown
253,Purandar Fort,[NO_ALT_NAME],Pune,Purandar,18.2831,73.8553,Narayanpur,Giri Durg (Hill Fort),1387,Partially Ruined,Yadava Dynasty; Maratha Empire,Peshwas (rebuilt),11th Century,"Birthplace of Sambhaji Maharaj; site of the Treaty of Purandar, 1665",Easy,1.5,All Seasons,Available,Unknown,TRUE,Consists of two forts: Purandar and Vajragad; partly controlled by the Indian Army.,11th Century,11th century,,,11th Century,unknown,unknown
254,Purnagad,[NO_ALT_NAME],Ratnagiri,Ratnagiri,16.8833,73.3167,Purnagad,Jal Durg (Sea Fort),25,Well-Preserved,Maratha Empire,Kanhoji Angre,1724,Guarded the mouth of the Muchkundi River,Easy,0.2,Winter,Unknown,Unknown,FALSE,A small but well-preserved fort with a Hanuman temple at the entrance.,1724,1724,,1724,18th Century,unknown,unknown
255,Raigad Fort,Rairi,Raigad,Mahad,18.2349,73.4475,Pachad,Giri Durg (Hill Fort),820,Well-Preserved,Maratha Empire,Hiroji Indulkar (under Shivaji Maharaj),1674,"Capital of Maratha Empire; Coronation of Shivaji Maharaj, 1674",Medium,3,Post-Monsoon; Winter,Year-round in cisterns,MTDC Resort at base; Dharmashala on top,TRUE,Has a ropeway for easy access; Holds the samadhi of Shivaji Maharaj.,1674,1674,,1674,17th Century,unknown,unknown
256,Raikot,[NO_ALT_NAME],Ahilyanagar,Akole,19.4513,74.0512,Raikot,Bhuikot (Land Fort),750,In Ruins,Maratha Empire,Unknown,Unknown,A small village 'gadi',Easy,0.2,Winter,Unknown,Unknown,FALSE,Hardly any remains of the fortification exist.,Unknown,unknown,,,unknown,unknown,unknown
257,Raireshwar,[NO_ALT_NAME],Pune,Bhor,18.1512,73.6815,Korle,Giri Durg (Hill Fort),1393,Plateau,Maratha Empire,Unknown,17th Century,Site where Chhatrapati Shivaji Maharaj took the oath of Hindavi Swarajya,Easy,1.5,Monsoon; Winter,Seasonal,Temple,FALSE,A large plateau with a temple more of a historical site than a fort.,17th Century,17th century,,,17th Century,unknown,unknown
258,Rajapur Fort,[NO_ALT_NAME],Ratnagiri,Rajapur,16.6512,73.5113,Rajapur,Bhuikot (Land Fort),30,In Ruins,Adil Shahi,Unknown,Unknown,A land fort to protect the port town of Rajapur,Easy,0.2,Winter,Unknown,Unknown,FALSE,The fort is now completely integrated into the town.,Unknown,unknown,,,unknown,unknown,unknown
259,Rajdher Fort,[NO_ALT_NAME],Nashik,Chandwad,20.3833,74.15,Rajdherwadi,Giri Durg (Hill Fort),1100,In Ruins,Yadava Dynasty,Yadavas,13th Century,A hill fort near Chandwad,Medium,2,Winter,Seasonal,Caves,FALSE,Known for its rock-cut steps and a large cave.,13th Century,13th century,,,13th Century,unknown,unknown
260,Rajgad Fort,[NO_ALT_NAME],Pune,Velhe,18.2464,73.6826,Gunjavane,Giri Durg (Hill Fort),1376,Partially Ruined,Maratha Empire,Shivaji Maharaj,1647,Served as Maratha capital for over 25 years before Raigad,Hard,3.5,Winter,Year-round in cisterns,Padmavati Temple; Caves,TRUE,"Known for its three machis (plateaus): Padmavati, Suvela, and Sanjeevani.",1647,1647,,1647,17th Century,unknown,unknown
261,Rajkot,[NO_ALT_NAME],Ahilyanagar,Pathardi,19.1621,75.1812,Pathardi,Bhuikot (Land Fort),750,In Ruins,Maratha Empire,Unknown,Unknown,A small fortified 'gadi',Easy,0.2,Winter,Unknown,Unknown,FALSE,Located inside the town now in complete ruins.,Unknown,unknown,,,unknown,unknown,unknown
262,Rajmachi,[NO_ALT_NAME],Pune,Maval,18.8894,73.3939,Udhewadi,Giri Durg (Hill Fort),826,Well-Preserved,Satavahana Dynasty,Satavahanas,200 BCE,Comprises two forts: Shrivardhan and Manaranjan; overlooks Bor Ghat,Easy,4,Monsoon; Winter,Year-round,Udhewadi village homes,FALSE,"A popular long trek, also accessible by a rough road from Lonavala.",200 BCE,200 bce,200,,unknown,2nd Century BCE,unknown
263,Ramdurg,[NO_ALT_NAME],Kolhapur,Shirol,16.7512,74.6013,Ramdurg,Giri Durg (Hill Fort),600,In Ruins,Unknown,Unknown,Unknown,A small hillock with a temple and minimal fortifications,Easy,0.5,Winter,Unknown,Unknown,FALSE,A local religious spot.,Unknown,unknown,,,unknown,unknown,unknown
264,Ramgad,[NO_ALT_NAME],Raigad,Pen,18.7012,73.1015,Ramgad,Giri Durg (Hill Fort),300,In Ruins,Maratha Empire,Unknown,Unknown,A small fort near Pen,Easy,1,Winter,Unknown,Unknown,FALSE,Very little remains of this fort.,Unknown,unknown,,,unknown,unknown,unknown
265,Ramsej Fort,[NO_ALT_NAME],Nashik,Nashik,20.0833,73.7833,Ashewadi,Giri Durg (Hill Fort),1026,In Ruins,Maratha Empire,Unknown,17th Century,Famously withstood a Mughal siege for over 6 years,Easy,1.5,Winter,Seasonal,Temple; Caves,FALSE,A fort of great historical importance for Maratha resilience.,17th Century,17th century,,,17th Century,unknown,unknown
266,Ramtek Fort,[NO_ALT_NAME],Nagpur,Ramtek,21.3931,79.3332,Ramtek,Giri Durg (Hill Fort),400,Well-Preserved,Vakataka Dynasty; Bhonsles,Unknown,4th-5th Century,A major pilgrimage site associated with Lord Rama and Kalidasa,Easy,0.5,All Seasons,Available,Dharamshala,TRUE,A religious site with strong fortifications on a hill.,4th-5th Century,4th-5th century,,,5th Century,unknown,unknown
267,Rangna Fort,Prasiddhagad,Kolhapur,Bhudargad,16.0333,73.9833,Patgaon,Giri Durg (Hill Fort),914,Partially Ruined,Shilahara Dynasty,Bhoj II,12th Century,A large and remote forest fort,Medium,2,Winter,Year-round,Temple,FALSE,Known for its natural beauty and robust fortifications.,12th Century,12th century,,,12th Century,unknown,unknown
268,Ranjangiri,Ranjangad,Ahilyanagar,Rahuri,19.3912,74.6513,Ranjangaon,Giri Durg (Hill Fort),850,In Ruins,Maratha Empire,Unknown,Unknown,A small hill fort with a few remains,Easy,1,Winter,Unknown,Unknown,FALSE,Not to be confused with Ranjangaon Mahaganapati Temple.,Unknown,unknown,,,unknown,unknown,unknown
269,Rasalgad,[NO_ALT_NAME],Ratnagiri,Khed,17.65,73.6167,Rasalgad,Giri Durg (Hill Fort),600,Partially Ruined,Maratha Empire,Shivaji Maharaj,17th Century,Paired with Sumargad and Mahipatgad to defend the region,Easy,1,Winter,Year-round,Temple,FALSE,A small and well-maintained fort.,17th Century,17th century,,,17th Century,unknown,unknown
270,Rasalpur Sarai,[NO_ALT_NAME],Burhanpur (MP),Burhanpur,21.3112,76.2315,Rasalpur,Bhuikot (Land Fort),250,In Ruins,Mughal Empire,Unknown,17th Century,A fortified inn on the historical trade route,Easy,0.2,Winter,Unknown,Unknown,FALSE,"This is a fortified inn (Sarai), not a fort, located in Madhya Pradesh near the Maharashtra border.",17th Century,17th century,,,17th Century,unknown,unknown
271,Ratangad,[NO_ALT_NAME],Ahilyanagar,Akole,19.4975,73.6933,Ratanwadi,Giri Durg (Hill Fort),1297,Partially Ruined,Maratha Empire,Shivaji Maharaj,17th Century,The 'Jewel' fort; famous for its 'Nedhe' or Needle Hole,Medium,3,Winter,Year-round,Caves; Temple,FALSE,Offers spectacular views of the Bhandardara dam and surrounding peaks.,17th Century,17th century,,,17th Century,unknown,unknown
272,Ratangad (Raigad district),[NO_ALT_NAME],Raigad,Mahad,18.3512,73.3515,Ratwad,Giri Durg (Hill Fort),800,In Ruins,Maratha Empire,Unknown,Unknown,A very obscure fort,Easy,2,Winter,Unknown,Unknown,FALSE,"An extremely obscure fort, not to be confused with the famous Ratangad in Ahmednagar .",Unknown,unknown,,,unknown,unknown,unknown
273,Ratnadurg,Bhagwati Fort,Ratnagiri,Ratnagiri,16.9833,73.2833,Ratnagiri,Jal Durg (Sea Fort),60,Well-Preserved,Bahmani Sultanate; Maratha Empire,Bahmani Rulers,16th Century,Main fort guarding Ratnagiri; has a famous Bhagwati temple,Easy,0.5,All Seasons,Available,Unknown,TRUE,"A horseshoe-shaped fort covering a large area, with a lighthouse.",16th Century,16th century,,,16th Century,unknown,unknown
274,Rawlya Fort,Ravlya,Nashik,Satana,20.5731,74.1852,Mulane,Giri Durg (Hill Fort),1250,In Ruins,Maratha Empire,Unknown,Unknown,Twin fort to Jawlya,Medium,2.5,Winter,Unknown,Caves,FALSE,Offers great views of the surrounding Satmala range.,Unknown,unknown,,,unknown,unknown,unknown
275,Revdanda Fort,[NO_ALT_NAME],Raigad,Alibag,18.55,72.9167,Revdanda,Jal Durg (Sea Fort),10,In Ruins,Portuguese,Portuguese,1524,A large coastal fort enclosing the village of Revdanda,Easy,0.5,Winter,Unknown,Unknown,FALSE,The fort walls are now covered with palm trees and houses.,1524,1524,,1524,16th Century,unknown,unknown
276,Riwa Fort,Dharavi Fort,Mumbai City,Sion,19.0436,72.8683,Dharavi,Bhuikot (Land Fort),15,Partially Ruined,British,British East India Company,1737,Built to mark the northern boundary of British-held Bombay,Easy,0.1,All Seasons,Unknown,Unknown,FALSE,Now houses the Bombay Presidency Radio Club; overlooks the Mithi River.,1737,1737,,1737,18th Century,unknown,unknown
277,Rohida Fort,Vichitragad,Pune,Bhor,18.0933,73.8189,Bajarwadi,Giri Durg (Hill Fort),1116,Well-Preserved,Yadava Dynasty; Maratha Empire,Bandal Deshmukh,16th Century,One of the first forts captured by Shivaji Maharaj,Easy,1.5,Post-Monsoon,Year-round,Temple,FALSE,Known for its well-maintained bastions and gates (darwajas).,16th Century,16th century,,,16th Century,unknown,unknown
278,Rohilgad,[NO_ALT_NAME],Jalna,Ambad,19.6213,75.7712,Rohilgad,Giri Durg (Hill Fort),700,In Ruins,Nizam Shahi,Unknown,Unknown,A small fort with a few structures and a dargah,Easy,1,Winter,Unknown,Unknown,FALSE,A lesser-known fort in the Jalna district.,Unknown,unknown,,,unknown,unknown,unknown
279,Sadashivgad,[NO_ALT_NAME],Satara,Karad,17.2812,74.1513,Sadashivgad,Giri Durg (Hill Fort),900,Partially Ruined,Maratha Empire,Unknown,17th Century,A hill fort with a famous Shiva temple,Easy,0.5,All Seasons,Available,Temple,FALSE,A popular pilgrimage site accessible by road.,17th Century,17th century,,,17th Century,unknown,unknown
280,Sagargad,Khed Durg,Raigad,Alibag,18.5812,72.9515,Veshvi,Giri Durg (Hill Fort),452,Partially Ruined,Maratha Empire,Shivaji Maharaj,Unknown,A coastal fort known for its waterfall during monsoon,Easy,2,Monsoon; Winter,Year-round,Temple,FALSE,The trek to the fort passes the famous Dodhane waterfall.,Unknown,unknown,,,unknown,unknown,unknown
281,Sajjangad,[NO_ALT_NAME],Satara,Satara,17.6151,73.9142,Sajjangad,Giri Durg (Hill Fort),914,Well-Preserved,Bahmani Sultanate; Maratha Empire,Bahmani Rulers,15th Century,Final resting place (Samadhi) of Samarth Ramdas Swami,Easy,0.5,All Seasons,Available,Bhakta Niwas (Lodge),FALSE,A major pilgrimage center for the Ramdasi sect accessible by road.,15th Century,15th century,,,15th Century,unknown,unknown
282,Salher Fort,[NO_ALT_NAME],Nashik,Satana,20.7167,73.95,Salher,Giri Durg (Hill Fort),1567,Partially Ruined,Maratha Empire,Shivaji Maharaj,1671,Highest fort in Maharashtra; site of the pivotal Battle of Salher (1672),Medium,3,Winter,Year-round,Temple; Caves,FALSE,Offers panoramic views and has a Parshuram temple.,1671,1671,,1671,17th Century,unknown,unknown
283,Salota Fort,[NO_ALT_NAME],Nashik,Satana,20.7,73.95,Salher,Giri Durg (Hill Fort),1300,In Ruins,Maratha Empire,Unknown,17th Century,A twin fort to Salher,Medium,3,Winter,Unknown,Caves,FALSE,Usually trekked along with Salher fort.,17th Century,17th century,,,17th Century,unknown,unknown
284,Samangad,[NO_ALT_NAME],Kolhapur,Gadhinglaj,16.2,74.35,Samangad,Giri Durg (Hill Fort),800,In Ruins,Maratha Empire,Shivaji Maharaj,1676,A small fort with a large plateau,Easy,1,Winter,Seasonal,Temple,FALSE,Known for its Bhimsen temple and beautiful surroundings.,1676,1676,,1676,17th Century,unknown,unknown
285,Samrajgad,[NO_ALT_NAME],Raigad,Murud,18.3112,72.9315,Murud,Jal Durg (Sea Fort),10,In Ruins,Maratha Empire,Kanhoji Angre,18th Century,A small sea fort near Murud-Janjira,Medium,0.5 (boat),Winter,Unknown,Unknown,FALSE,Built to support Padmadurg against the Siddis.,18th Century,18th century,,,18th Century,unknown,unknown
286,Sangram Durg,Chakan Fort,Pune,Khed,18.75,73.85,Chakan,Bhuikot (Land Fort),650,Partially Ruined,Bahmani Sultanate; Maratha Empire,Abyssinian chief,13th Century,Famous for the valiant defence by Firangoji Narsala against Shaista Khan,Easy,0.5,All Seasons,Not applicable,Unknown,TRUE,A land fort in the middle of Chakan town; has a moat and strong walls.,13th Century,13th century,,,13th Century,unknown,unknown
287,Santoshgad,[NO_ALT_NAME],Satara,Phaltan,17.9167,74.5167,Tathavada,Giri Durg (Hill Fort),975,Partially Ruined,Maratha Empire,Shivaji Maharaj,17th Century,A hill fort near Phaltan,Easy,1,Winter,Seasonal,Temple,FALSE,Also known as 'Fort of the Pandavas' by locals.,17th Century,17th century,,,17th Century,unknown,unknown
288,Saptashrungi,[NO_ALT_NAME],Nashik,Kalwan,20.3852,73.9051,Saptashrungi,Giri Durg (Hill Fort),1451,Well-Preserved,Unknown,Unknown,Ancient,A major Hindu pilgrimage site with fortifications on the hill,Easy,0.5,All Seasons,Available,Dharamshala,FALSE,The hill has one of the 51 Shakti Peethas; accessible by road and funicular ropeway.,Ancient,ancient,,,unknown,unknown,ancient
289,Sarasgad,[NO_ALT_NAME],Raigad,Sudhagad,18.55,73.2167,Pali,Giri Durg (Hill Fort),490,Partially Ruined,Maratha Empire,Shivaji Maharaj,17th Century,Overlooks the famous Ballaleshwar temple of Pali (Ashtavinayak),Easy,2,Monsoon; Winter,Seasonal,Caves; Temple,FALSE,A twin fort to Sudhagad.,17th Century,17th century,,,17th Century,unknown,unknown
290,Sarjekot (Alibaug),[NO_ALT_NAME],Raigad,Alibag,18.6612,72.8513,Alibag,Jal Durg (Sea Fort),5,In Ruins,Maratha Empire,Kanhoji Angre,18th Century,A small coastal fortification near Alibag,Easy,0.2,Winter,Unknown,Unknown,FALSE,"A minor naval outpost, different from Sarjekot near Malvan.",18th Century,18th century,,,18th Century,unknown,unknown
291,Sarjekot Fort,[NO_ALT_NAME],Sindhudurg,Malvan,16.0833,73.4667,Malvan,Jal Durg (Sea Fort),5,In Ruins,Maratha Empire,Shivaji Maharaj,1668,Built as a naval outpost and dockyard for Sindhudurg,Easy,0.2,Winter,Unknown,Unknown,FALSE,A small coastal fort at the mouth of the Kalavali creek.,1668,1668,,1668,17th Century,unknown,unknown
292,Satavali,[NO_ALT_NAME],Ratnagiri,Lanja,16.8512,73.5513,Satavali,Giri Durg (Hill Fort),100,In Ruins,Maratha Empire,Unknown,Unknown,A small coastal watchtower,Easy,0.5,Winter,Unknown,Unknown,FALSE,Hardly any remains of the fort are visible.,Unknown,unknown,,,unknown,unknown,unknown
293,Sewri Fort,Shivdi Fort,Mumbai City,Sewri,19,72.8667,Sewri,Bhuikot (Land Fort),20,Well-Preserved,British,British East India Company,1680,Built to defend Mumbai harbour from the Siddis,Easy,0.2,Winter,Unknown,Unknown,TRUE,Offers excellent views of flamingoes at the Sewri mudflats during winter.,1680,1680,,1680,17th Century,unknown,unknown
294,Shahagad,[NO_ALT_NAME],Ahilyanagar,Sangamner,19.4333,74.0167,Pemgiri,Giri Durg (Hill Fort),1000,In Ruins,Yadava Dynasty; Nizam Shahi,Nizam Shah,15th Century,Another name for Pemgiri Fort,Medium,1.5,Winter,Unknown,Caves,FALSE,Features large caves and was used as a prison.,15th Century,15th century,,,15th Century,unknown,unknown
295,Shirgaon Fort,[NO_ALT_NAME],Palghar,Palghar,19.7,72.7167,Shirgaon,Bhuikot (Land Fort),10,Partially Ruined,Maratha Empire,Shivaji Maharaj,17th Century,Coastal fort to keep watch on Portuguese activities,Easy,0.2,Winter,Unknown,Unknown,FALSE,Located on Shirgaon beach; has a famous dargah inside.,17th Century,17th century,,,17th Century,unknown,unknown
296,Shivgad,[NO_ALT_NAME],Raigad,Mahad,18.1,73.5333,Shivgad,Giri Durg (Hill Fort),850,In Ruins,Maratha Empire,Shivaji Maharaj,17th Century,Small watchtower fort near Raigad,Medium,2,Winter,Unknown,Unknown,FALSE,A remote fort with limited remains.,17th Century,17th century,,,17th Century,unknown,unknown
297,Shivneri,[NO_ALT_NAME],Pune,Junnar,19.2046,73.8601,Junnar,Giri Durg (Hill Fort),1067,Well-Preserved,Yadava Dynasty,Yadavas of Devgiri,11th Century,"Birthplace of Chhatrapati Shivaji Maharaj, 1630",Easy,1,All Seasons,Available,Unknown,TRUE,Features a temple of goddess Shivai and statues of Jijabai and a young Shivaji.,11th Century,11th century,,,11th Century,unknown,unknown
298,Shrivardhan Fort,[NO_ALT_NAME],Raigad,Karjat,18.8894,73.3939,Udhewadi,Giri Durg (Hill Fort),900,Partially Ruined,Yadava Dynasty,Yadavas of Devgiri,13th Century,Eastern citadel of the Rajmachi twin-fort complex,Easy,3,Monsoon; Winter,Available at Rajmachi,Udhewadi village homes,FALSE,The more complex of the two Rajmachi citadels to climb.,13th Century,13th century,,,13th Century,unknown,unknown
299,Siddhagad,[NO_ALT_NAME],Thane,Murbad,19.15,73.4167,Uchale,Giri Durg (Hill Fort),900,In Ruins,Maratha Empire,Shivaji Maharaj,17th Century,Site of a fierce battle during the 1857 uprising,Medium,3.5,Winter,Year-round,Caves; Villagers' homes,FALSE,A large plateau fort with dense vegetation and a memorial.,17th Century,17th century,,,17th Century,unknown,unknown
300,Siddhagad (Malwan),[NO_ALT_NAME],Sindhudurg,Malvan,16.1012,73.4815,Siddhawadi,Giri Durg (Hill Fort),150,In Ruins,Maratha Empire,Unknown,Unknown,A small coastal fort,Easy,1,Winter,Unknown,Unknown,FALSE,"A local fort, not to be confused with Siddhagad near Murbad.",Unknown,unknown,,,unknown,unknown,unknown
301,Sindhudurg,[NO_ALT_NAME],Sindhudurg,Malvan,16.3458,73.4569,Malvan,Jal Durg (Sea Fort),10,Well-Preserved,Maratha Empire,Shivaji Maharaj,1664,Main naval base for the Maratha Navy,Easy,1,Winter,Potable water well,Hotels in Malvan,TRUE,"Spread over 48 acres, its walls were designed to be invisible from the sea.",1664,1664,,1664,17th Century,unknown,unknown
302,Sinhagad,Kondhana,Pune,Haveli,18.3663,73.7558,Donje,Giri Durg (Hill Fort),1312,Partially Ruined,Yadava Dynasty; Maratha Empire,Nag Nayak,13th Century,"Battle of Sinhagad, 1670, led by Tanaji Malusare",Easy,0.5,Monsoon; Winter,Available seasonally; Bottled water sold,Unknown,TRUE,Famous for pithla-bhakri stalls; Accessible by road to the top.,13th Century,13th century,,,13th Century,unknown,unknown
303,Sion Hillock Fort,[NO_ALT_NAME],Mumbai City,Sion,19.05,72.8667,Sion,Bhuikot (Land Fort),25,Partially Ruined,British,British East India Company,1670,Built to mark the boundary between British-held Bombay and Portuguese-held Salsette Island,Easy,0.2,All Seasons,Unknown,Unknown,TRUE,"Located at the top of a hillock, now a garden.",1670,1670,,1670,17th Century,unknown,unknown
304,Sondai Fort,[NO_ALT_NAME],Raigad,Karjat,18.8333,73.2667,Sondewadi,Giri Durg (Hill Fort),365,In Ruins,Maratha Empire,Unknown,Unknown,A small watchtower fort,Easy,1.5,Monsoon; Winter,Unknown,Unknown,FALSE,A short and scenic trek; features two water cisterns and a small idol of Sondai devi.,Unknown,unknown,,,unknown,unknown,unknown
305,Songad,[NO_ALT_NAME],Raigad,Mahad,18.1333,73.45,Songadwadi,Giri Durg (Hill Fort),350,In Ruins,Maratha Empire,Shivaji Maharaj,Unknown,A watchtower fort near Mahad,Easy,1,Winter,Unknown,Unknown,FALSE,This is a duplicate entry for Songad Fort .,Unknown,unknown,,,unknown,unknown,unknown
306,Songad (Nashik),[NO_ALT_NAME],Nashik,Sinnar,19.8512,74.0013,Songadwadi,Giri Durg (Hill Fort),800,In Ruins,Maratha Empire,Unknown,Unknown,A small hillock fort,Easy,1,Winter,Unknown,Unknown,FALSE,A very obscure fort with minimal ruins.,Unknown,unknown,,,unknown,unknown,unknown
307,Songad Fort,[NO_ALT_NAME],Raigad,Mahad,18.1333,73.45,Songadwadi,Giri Durg (Hill Fort),350,In Ruins,Maratha Empire,Shivaji Maharaj,Unknown,A watchtower fort near Mahad,Easy,1,Winter,Unknown,Unknown,FALSE,A small fort with minimal remains.,Unknown,unknown,,,unknown,unknown,unknown
308,Songir (Dhule),[NO_ALT_NAME],Dhule,Dhule,20.9512,74.7813,Songir,Giri Durg (Hill Fort),500,Partially Ruined,Faruqi dynasty,Unknown,14th Century,A prominent fort on the Mumbai-Agra highway,Easy,1,Winter,Unknown,Unknown,FALSE,Features a deep well and ruins of several structures.,14th Century,14th century,,,14th Century,unknown,unknown
309,Songir (Karjat),[NO_ALT_NAME],Raigad,Karjat,18.9213,73.3012,Wavarle,Giri Durg (Hill Fort),350,In Ruins,Maratha Empire,Unknown,Unknown,A small fort near the base of Rajmachi,Easy,1,Winter,Unknown,Unknown,FALSE,A very small fortification often overlooked by trekkers.,Unknown,unknown,,,unknown,unknown,unknown
310,Subhan Mangal,[NO_ALT_NAME],Solapur,Solapur,17.6712,75.9213,Solapur,Bhuikot (Land Fort),450,In Ruins,Bahmani Sultanate,Unknown,Unknown,A small fortification inside the main Solapur Fort (Bhuikot),Easy,0.2,Winter,Unknown,Unknown,TRUE,Likely refers to a bastion or inner citadel of the Solapur Fort.,Unknown,unknown,,,unknown,unknown,unknown
311,Sudhagad,Bhorapgad,Raigad,Sudhagad,18.55,73.3167,Thakurwadi,Giri Durg (Hill Fort),620,Well-Preserved,Bahmani Sultanate,Bahmani Rulers,14th Century,Was considered by Shivaji Maharaj for the capital before Raigad,Easy,2.5,Monsoon; Winter,Year-round,Bhoraidevi Temple; Takmak Tok,FALSE,A large plateau fort with lakes and a temple.,14th Century,14th century,,,14th Century,unknown,unknown
312,Sumargad,[NO_ALT_NAME],Ratnagiri,Khed,17.65,73.65,Sumargadwadi,Giri Durg (Hill Fort),850,In Ruins,Maratha Empire,Shivaji Maharaj,17th Century,Part of a trio of forts with Rasalgad and Mahipatgad,Hard,3,Winter,Unknown,Unknown,FALSE,A very remote and difficult fort to access.,17th Century,17th century,,,17th Century,unknown,unknown
313,Surgad,Ghera Surgad,Raigad,Roha,18.5167,73.1333,Ghera Surgad,Giri Durg (Hill Fort),430,Partially Ruined,Maratha Empire,Shivaji Maharaj,17th Century,Watchtower fort near the Kundalika river,Easy,1.5,Monsoon; Winter,Seasonal,Caves,FALSE,Known for its rock-cut steps and small caves called 'man-made pindas'.,17th Century,17th century,,,17th Century,unknown,unknown
314,Suvarnadurg,[NO_ALT_NAME],Ratnagiri,Dapoli,17.8167,73.0833,Harnai,Jal Durg (Sea Fort),15,Well-Preserved,Adil Shahi; Maratha Empire,Shivaji Maharaj (strengthened),1660,"A major naval base of the Marathas, connected to the land by Kanakdurg",Easy,0.5,Winter,Well on fort,Unknown,TRUE,"The 'Golden Fort' is a sea fort near Harnai port, accessible by boat.",1660,1660,,1660,17th Century,unknown,unknown
315,Tahuli Fort,[NO_ALT_NAME],Thane,Kalyan,19.2215,73.2812,Tahuli,Giri Durg (Hill Fort),914,Pinnacle,Maratha Empire,Unknown,Unknown,A pinnacle fort with three pinnacles,Medium,3,Winter,Unknown,Unknown,FALSE,Known for its scenic and challenging trail.,Unknown,unknown,,,unknown,unknown,unknown
316,Talagad,[NO_ALT_NAME],Raigad,Roha,18.35,73.1833,Talewadi,Giri Durg (Hill Fort),300,Partially Ruined,Maratha Empire,Unknown,16th Century,Twin fort to Ghosalgad guarding the Mandad river,Easy,1,Monsoon; Winter,Year-round,Caves; Temple,TRUE,Features a large plateau and several water cisterns.,16th Century,16th century,,,16th Century,unknown,unknown
317,Tandulwadi,[NO_ALT_NAME],Palghar,Palghar,19.6412,72.9915,Tandulwadi,Giri Durg (Hill Fort),520,In Ruins,Maratha Empire,Unknown,Unknown,A large plateau fort near Saphale,Easy,2,Winter,Seasonal,Unknown,FALSE,Offers panoramic views of the surrounding coastal area.,Unknown,unknown,,,unknown,unknown,unknown
318,Tankai Fort,[NO_ALT_NAME],Nashik,Yeola,20.1833,74.45,Ankai,Giri Durg (Hill Fort),900,In Ruins,Yadava Dynasty,Yadavas of Devgiri,12th Century,Twin fort to Ankai,Medium,1.5,Winter,Unknown,Caves,TRUE,Visited along with Ankai fort.,12th Century,12th century,,,12th Century,unknown,unknown
319,Tarapur Fort,[NO_ALT_NAME],Palghar,Palghar,19.85,72.6667,Tarapur,Bhuikot (Land Fort),10,In Ruins,Portuguese,Portuguese,1566,Captured by the Marathas under Chimaji Appa,Easy,0.5,Winter,Unknown,Unknown,FALSE,"Located near the Tarapur Atomic Power Station, now largely in ruins.",1566,1566,,1566,16th Century,unknown,unknown
320,Terekhol Fort,Fort Tiracol,Sindhudurg,Sawantwadi,15.7333,73.6833,Tiracol,Jal Durg (Sea Fort),20,Well-Preserved,Sawantwadi State,Khem Sawant Bhonsle,17th Century,Captured by Portuguese in 1746; used by freedom fighters in 1954,Easy,0.2,All Seasons,Not applicable,Heritage Hotel,FALSE,"Located at the mouth of the Terekhol River, now a heritage hotel.",17th Century,17th century,,,17th Century,unknown,unknown
321,Thalner Fort,[NO_ALT_NAME],Dhule,Shirpur,21.2667,74.9167,Thalner,Bhuikot (Land Fort),200,In Ruins,Faruqi dynasty,Malik Raja Faruqi,1370,First capital of the Khandesh Sultanate,Easy,0.5,Winter,Unknown,Unknown,FALSE,Located on the banks of the Tapi river.,1370,1370,,1370,14th Century,unknown,unknown
322,Tikona,Vitandgad,Pune,Maval,18.6333,73.5167,Tikona Peth,Giri Durg (Hill Fort),1091,Well-Preserved,Nizam Shahi,Malik Ahmed Nizam Shah I,16th Century,Known for its triangular shape and a large cave,Easy,1.5,Monsoon; Winter,Year-round,Temple; Caves,FALSE,A popular and easy trek near Pawna Lake.,16th Century,16th century,,,16th Century,unknown,unknown
323,Torna Fort,Prachandagad,Pune,Velhe,18.2711,73.6212,Velhe,Giri Durg (Hill Fort),1403,Partially Ruined,Maratha Empire,Shaiva Panth (early); Shivaji Maharaj (captured),13th Century; Captured 1646,First fort captured by Shivaji Maharaj at age 16; renamed Prachandagad (Massive Fort),Medium,3,Post-Monsoon; Winter,Seasonal in cisterns,Mengai Temple,TRUE,Its large size and historical importance make it a key fort in Maratha history.,13th Century; Captured 1646,13th century,,,13th Century,unknown,unknown
324,Tringalwadi Fort,[NO_ALT_NAME],Nashik,Igatpuri,19.7167,73.55,Tringalwadi,Giri Durg (Hill Fort),914,Partially Ruined,Maratha Empire,Unknown,10th Century,Overlooks the Thal Ghat trade route; has Jain caves at its base,Easy,1.5,Monsoon; Winter,Seasonal,Caves,FALSE,"The top of the fort is shaped like a turban, offering great views of the Kalsubai range.",10th Century,10th century,,,10th Century,unknown,unknown
325,Tung Fort,Kathingad,Pune,Maval,18.6667,73.4167,Tungwadi,Giri Durg (Hill Fort),1075,Partially Ruined,Adil Shahi; Maratha Empire,Adil Shahi dynasty,1600,Served as a watchtower for the Bhor ghat and Pawna Maval region,Easy,1,Monsoon; Winter,Unknown,Temple at base,FALSE,"A sharp, conical fort offering stunning panoramic views of the Pawna Lake.",1600,1600,,1600,16th Century,unknown,unknown
326,Udgir Fort,[NO_ALT_NAME],Latur,Udgir,18.3942,77.1147,Udgir,Bhuikot (Land Fort),630,Partially Ruined,Hindu Rajas; Bahmani Sultanate,Bahmani Rulers,12th Century,Site of the Battle of Udgir (1760) where Marathas defeated the Nizam,Easy,1,Winter,Not applicable,Unknown,TRUE,"A land fort with a 40-foot deep moat, known for its underground rooms and a Samadhi of Udaygir Maharaj.",12th Century,12th century,,,12th Century,unknown,unknown
327,Underi Fort,Jafrabad,Raigad,Alibag,18.6833,72.8167,Thal,Jal Durg (Sea Fort),8,In Ruins,Siddi Dynasty,Siddi Qasim,1680,Built by the Siddis to challenge the Marathas at Khanderi,Medium,0.5,Winter,Unknown,Unknown,FALSE,"A fortified island, smaller than its counterpart Khanderi; requires a boat and permission to visit.",1680,1680,,1680,17th Century,unknown,unknown
328,Vairatgad,[NO_ALT_NAME],Satara,Wai,17.9,73.8167,Vairatgadwadi,Giri Durg (Hill Fort),1175,In Ruins,Shilahara Dynasty,Bhoj II,12th Century,Guarded the route between Wai and the coastal regions,Easy,1,Winter,Seasonal,Temple,FALSE,A small fort with remnants of bastions and a Hanuman temple.,12th Century,12th century,,,12th Century,unknown,unknown
329,Vajragad,Rudramal,Pune,Purandar,18.2833,73.8667,Narayanpur,Giri Durg (Hill Fort),1318,Partially Ruined,Bahmani Sultanate,Bahmani Rulers,14th Century,Twin fort of Purandar; captured by Shivaji's forces in 1665 by Dilerkhan,Easy,0.5,All Seasons,Unknown,Unknown,TRUE,"Often visited along with Purandar fort, features a temple of Lord Rudreshwar.",14th Century,14th century,,,14th Century,unknown,unknown
330,Vajragad (Vasai),[NO_ALT_NAME],Palghar,Vasai,19.3333,72.8167,Vasai,Bhuikot (Land Fort),5,In Ruins,Portuguese,Unknown,Unknown,A specific bastion or section of the main Vasai fort,Easy,0.2,All Seasons,Unknown,Unknown,TRUE,This is not a separate fort but likely refers to a bastion within the vast Vasai Fort .,Unknown,unknown,,,unknown,unknown,unknown
331,Vandan Fort,[NO_ALT_NAME],Satara,Satara,17.85,73.9667,Kikali,Giri Durg (Hill Fort),1150,In Ruins,Shilahara Dynasty,Bhoj II,12th Century,Twin fort to Chandan; captured by Shivaji Maharaj,Easy,1.5,Winter,Seasonal,Temple,FALSE,Usually trekked along with Chandan fort from the base village.,12th Century,12th century,,,12th Century,unknown,unknown
332,Vardhangad,[NO_ALT_NAME],Satara,Khatav,17.7667,74.2833,Vardhangad,Giri Durg (Hill Fort),1067,Well-Preserved,Maratha Empire,Shivaji Maharaj,1673,Built to secure the eastern frontier of the Maratha kingdom,Easy,0.5,Post-Monsoon; Winter,Year-round,Vardhinidevi Temple,FALSE,Easily accessible by road; the fort has a temple of the goddess Vardhini.,1673,1673,,1673,17th Century,unknown,unknown
333,Varugad,[NO_ALT_NAME],Satara,Maan,17.75,74.45,Varugadwadi,Giri Durg (Hill Fort),915,Partially Ruined,Maratha Empire,Shivaji Maharaj,1674,A double-layered fort built to provide defense to the region,Easy,1,Winter,Seasonal,Temple,FALSE,"Has two sections (machis) at different levels, connected by a strong fortification.",1674,1674,,1674,17th Century,unknown,unknown
334,Vasai Fort,Bassein Fort,Palghar,Vasai,19.3333,72.8167,Vasai,Bhuikot (Land Fort),5,Partially Ruined,Sultanate of Gujarat; Portuguese; Maratha Empire,Bahadur Shah of Gujarat,1530s,Capital of the Portuguese province of the North; captured by Chimaji Appa in 1739,Easy,2,All Seasons,Unknown,Unknown,TRUE,"A vast fort complex with remnants of churches, administrative buildings, and bastions.",1530s,1530s,,1530,16th Century,unknown,unknown
335,Vasantgad,[NO_ALT_NAME],Satara,Karad,17.4167,74.15,Vasantgad,Giri Durg (Hill Fort),914,Partially Ruined,Shilahara Dynasty,Bhoj II,12th Century,Guarded the Karad region; has a well-preserved Chandrasen Maharaj temple,Easy,1,Winter,Seasonal,Temple,FALSE,Known for its robust fortifications and a historical well called 'Goleshwarachi Vihir'.,12th Century,12th century,,,12th Century,unknown,unknown
336,Vasota Fort,Vyaghragad,Satara,Patan,17.65,73.7,Bamnoli,Van Durg (Forest Fort),1171,Partially Ruined,Shilahara Dynasty,Bhoj II,1180,The 'Jungle Fort' located deep within the Koyna Wildlife Sanctuary,Medium,3,Winter,Year-round,Caves,FALSE,Accessible by a boat ride from Bamnoli across the Shivsagar lake; requires forest dept. Permission.,1180,1180,,1180,12th Century,unknown,unknown
337,Vengurla Fort,Vengurla Rocks,Sindhudurg,Vengurla,15.85,73.6167,Vengurla,Jal Durg (Sea Fort),5,In Ruins,Dutch,Dutch,1638,A fortified Dutch factory,Easy,0.5 (boat),Winter,Unknown,Unknown,FALSE,Also known as the 'Burnt Islands'; accessible by boat.,1638,1638,,1638,17th Century,unknown,unknown
338,Vetalgad,[NO_ALT_NAME],Nashik,Kalwan,20.4512,73.9513,Vetalgad,Giri Durg (Hill Fort),1100,In Ruins,Maratha Empire,Unknown,Unknown,A small fort in the Kalwan range,Easy,1,Winter,Unknown,Unknown,FALSE,Minimal ruins remain.,Unknown,unknown,,,unknown,unknown,unknown
339,Vetalwadi Fort,[NO_ALT_NAME],Chhatrapati Sambhaji Nagar,Soygaon,20.5512,75.3513,Vetalwadi,Giri Durg (Hill Fort),700,Partially Ruined,Yadava Dynasty,Unknown,13th Century,A fort guarding the Vetalwadi ghats,Easy,1,Winter,Seasonal,Unknown,FALSE,Known for its two-storey palace-like structure.,13th Century,13th century,,,13th Century,unknown,unknown
340,Vijaydurg,Gheria,Sindhudurg,Devgad,16.5667,73.3333,Vijaydurg,Jal Durg (Sea Fort),10,Well-Preserved,Shilahara Dynasty; Maratha Empire,Raja Bhoj II,1195,One of the strongest Maratha naval bases under Kanhoji Angre; has an underwater wall,Easy,1.5,Winter,Well on fort,Unknown,TRUE,The 'Victory Fort' is one of the best-preserved sea forts; has a triple line of fortifications.,1195,1195,,1195,12th Century,unknown,unknown
341,Vilasgad (Mallikarjun),[NO_ALT_NAME],Solapur,Akkalkot,17.5213,76.2012,Vilasgad,Giri Durg (Hill Fort),500,In Ruins,Unknown,Unknown,Unknown,A small hill with a Mallikarjun temple and some fortifications,Easy,0.5,Winter,Unknown,Temple,FALSE,A local pilgrimage spot.,Unknown,unknown,,,unknown,unknown,unknown
342,Visapur Fort,[NO_ALT_NAME],Pune,Maval,18.7167,73.4833,Visapur,Giri Durg (Hill Fort),1084,Partially Ruined,Bahmani Sultanate; Maratha Empire,Peshwas (rebuilt),1720,Twin fort to Lohagad; built to guard it,Easy,2,Monsoon; Winter,Seasonal,Caves,FALSE,"Known for its huge plateau, numerous water cisterns, and a scenic waterfall trail in monsoon.",1720,1720,,1720,18th Century,unknown,unknown
343,Vishalgad,Khelna,Kolhapur,Shahuwadi,16.8833,73.7833,Gajapur,Giri Durg (Hill Fort),1130,Partially Ruined,Shilahara Dynasty,Shilahara king Marsinh,1058,Where Shivaji Maharaj escaped to after fleeing Panhala; has the samadhi of Baji Prabhu Deshpande nearby,Easy,1,Monsoon; Winter,Available,Dargah lodgings,FALSE,"A large fort with significant historical monuments, including a dargah and temples.",1058,1058,,1058,11th Century,unknown,unknown
344,Worli Fort,[NO_ALT_NAME],Mumbai City,Worli,19.0167,72.8167,Worli,Jal Durg (Sea Fort),8,Well-Preserved,British,British East India Company,1675,A small watchtower built to keep an eye on enemy ships,Easy,0.2,All Seasons,Unknown,Unknown,FALSE,"Located at the tip of Worli village, offering views of the Bandra-Worli Sea Link.",1675,1675,,1675,17th Century,unknown,unknown
345,Yashawantgad (Nate),[NO_ALT_NAME],Ratnagiri,Rajapur,16.7212,73.3115,Nate,Jal Durg (Sea Fort),20,In Ruins,Maratha Empire,Shivaji Maharaj,17th Century,A coastal fort guarding the Nate creek,Easy,0.5,Winter,Unknown,Unknown,FALSE,A different fort from Yashwantgad/Redi Fort in Sindhudurg district.,17th Century,17th century,,,17th Century,unknown,unknown
346,Yashwantgad,Redi Fort,Sindhudurg,Vengurla,15.75,73.6667,Redi,Giri Durg (Hill Fort),30,In Ruins,Maratha Empire,Shivaji Maharaj,17th Century,A coastal fort guarding the Terekhol creek,Easy,0.5,Winter,Unknown,Unknown,FALSE,Overlooks the beautiful Redi beach and is covered in dense vegetation.,17th Century,17th century,,,17th Century,unknown,unknown
